Country Name,Country Code,Series Name,Series Code,1996,1998,2000,2002,2003,2004,2005,2006,2007,2008,2009,2010,2011,2012,2013,2014,2015,2016,2017,2018,2019,2020,2021
Afghanistan,AFG,Government Effectiveness: Estimate,GE.EST,-2.175166607,-2.102291822,-2.173946142,-1.587687016,-1.127419591,-0.909888744,-1.217238426,-1.465511322,-1.443468094,-1.533435464,-1.511001945,-1.480805755,-1.477033496,-1.376418829,-1.400745392,-1.362318277,-1.351807714,-1.254181504,-1.35992229,-1.479299188,-1.495626688,-1.585144877,-1.634369612
Albania,ALB,Government Effectiveness: Estimate,GE.EST,-0.688587904,-0.732602537,-0.917780161,-0.624333382,-0.569067299,-0.40906176,-0.704830587,-0.586620808,-0.431428492,-0.370871335,-0.254886448,-0.278687119,-0.200375155,-0.267875999,-0.323595732,-0.048802413,0.059288189,0.059715111,0.12872985,0.110513411,-0.033333246,-0.124956653,-0.003363639
Algeria,DZA,Government Effectiveness: Estimate,GE.EST,-1.088766456,-0.883071959,-1.01074934,-0.614207327,-0.6703403,-0.553408742,-0.438614607,-0.431149721,-0.530745864,-0.596755087,-0.529050767,-0.388126194,-0.514732301,-0.444745928,-0.428817511,-0.336888343,-0.377993971,-0.430877894,-0.506708324,-0.457864255,-0.54141891,-0.544885635,-0.620759845
American Samoa,ASM,Government Effectiveness: Estimate,GE.EST,..,..,..,..,..,-0.127275512,0.224524423,0.245218232,0.480822653,0.498143971,0.497778326,0.487507224,0.481147528,0.480951369,0.486867696,0.438700348,0.485081702,0.528136432,0.557348669,0.546050012,0.537684321,0.689502597,0.697109878
Andorra,AND,Government Effectiveness: Estimate,GE.EST,1.414037704,1.403356314,1.380486727,1.367723227,1.348457336,1.503341317,1.287201762,1.538033724,1.501196861,1.527852654,1.536000371,1.512511015,1.498708725,1.523034692,1.532519937,1.712236285,1.78248632,1.853123784,1.931479692,1.936131597,1.901037693,1.816116333,1.816250086
Angola,AGO,Government Effectiveness: Estimate,GE.EST,-0.859939992,-1.055107117,-1.075034142,-1.132157087,-1.126208544,-1.334659338,-1.10631907,-1.381511211,-1.209614277,-1.064504504,-0.947048008,-1.142090201,-1.197987199,-0.990929544,-1.246629715,-1.055083632,-0.893182993,-0.936142445,-0.919977069,-0.978714645,-1.084010243,-1.203528404,-1.059368968
Anguilla,AIA,Government Effectiveness: Estimate,GE.EST,..,..,..,..,..,1.058627725,1.552871108,1.538033724,1.501196861,1.527852654,1.536000371,1.512511015,1.498708725,1.523034692,1.532519937,0.948114812,1.00404346,1.323128939,0.832174897,0.824066341,0.810354948,0.971156001,0.976894975
Antigua and Barbuda,ATG,Government Effectiveness: Estimate,GE.EST,0.644922495,0.652145922,0.618822575,0.568053842,0.576517761,0.539977908,0.447335571,0.407718599,0.398915678,0.498143971,0.497778326,0.487507224,0.481147528,0.480951369,0.486867696,-0.070714049,0.225600779,0.263139009,0.007696266,-0.009982543,-0.007657083,-0.15545781,-0.142245308
Argentina,ARG,Government Effectiveness: Estimate,GE.EST,0.16569005,0.328712493,-0.028038694,-0.228479072,-0.032745756,0.017335525,-0.100426145,-0.036109354,-0.011677821,-0.124616414,-0.295640558,-0.111378528,-0.071486443,-0.206465602,-0.253652781,-0.109243862,-0.016539078,0.250169098,0.164413184,0.054248072,-0.096506894,-0.22428748,-0.356661767
Armenia,ARM,Government Effectiveness: Estimate,GE.EST,-0.380564451,-0.546766698,-0.546417594,-0.045769267,-0.19081755,-0.108692862,-0.139261931,-0.261045575,-0.377753705,-0.170738295,-0.019941108,-0.16639477,-0.10899628,-0.026902404,0.085326582,-0.251768827,-0.276716083,-0.275093079,-0.215339452,-0.141409367,-0.197479233,-0.274477035,-0.249556035
Aruba,ABW,Government Effectiveness: Estimate,GE.EST,..,..,..,..,..,1.280984521,1.287201762,1.279470682,1.246103287,1.270425439,1.496455789,1.246244311,1.236214161,1.247285604,1.221145153,0.88769412,0.880507171,0.888866127,0.913862348,1.05176115,1.024024606,1.121367574,1.132214189
Australia,AUS,Government Effectiveness: Estimate,GE.EST,1.800564528,1.618118048,1.732170224,1.659198642,1.7724967,1.984479189,1.745689988,1.707515955,1.818282604,1.78415966,1.701762199,1.763190031,1.689923167,1.612834334,1.632687688,1.601303339,1.560223341,1.561982155,1.530469418,1.588520885,1.564876318,1.610074997,1.512928247
Austria,AUT,Government Effectiveness: Estimate,GE.EST,1.731649637,1.803506255,1.847265244,1.880228162,1.929604173,1.843319774,1.679051638,1.826991677,1.862879634,1.771052599,1.662537932,1.812320471,1.602670074,1.559877157,1.571748018,1.553547144,1.477876067,1.504635811,1.499537706,1.48801589,1.521145463,1.645901203,1.570008159
Azerbaijan,AZE,Government Effectiveness: Estimate,GE.EST,-0.916389585,-0.933607459,-0.951395214,-0.985208631,-0.929972351,-0.930401146,-0.738662243,-0.667855263,-0.800852239,-0.784415364,-0.661590874,-0.811674297,-0.770396113,-0.78799051,-0.444532543,-0.305417299,-0.218868449,-0.11617627,-0.129922405,-0.104204588,-0.08649461,-0.116941825,0.247684523
"Bahamas, The",BHS,Government Effectiveness: Estimate,GE.EST,1.373242021,1.264248252,1.234283805,1.255075932,1.22162807,1.201344371,1.205256701,1.163582921,1.102208495,1.140913248,1.004179716,1.070302606,0.97423178,0.982968807,0.867702425,0.725424528,0.709997714,0.715726614,0.573825657,0.533815801,0.481303781,0.44527626,0.461800665
Bahrain,BHR,Government Effectiveness: Estimate,GE.EST,0.77663964,0.56640023,0.551933765,0.507285357,0.426035732,0.527056634,0.391059279,0.386875808,0.402686685,0.379488409,0.476081342,0.4516038,0.514924407,0.544541776,0.584795833,0.561928749,0.557333231,0.325291306,0.191406816,0.175440326,0.2943528,0.421904832,0.717128277
Bangladesh,BGD,Government Effectiveness: Estimate,GE.EST,-0.687850118,-0.490328997,-0.607652247,-0.726736128,-0.841530383,-0.937496603,-0.917243719,-0.836658835,-0.706297338,-0.737818301,-0.802224457,-0.752631783,-0.771310925,-0.806320727,-0.795478344,-0.773857713,-0.726373553,-0.675904393,-0.730936646,-0.739062011,-0.731802583,-0.755047262,-0.627411544
Barbados,BRB,Government Effectiveness: Estimate,GE.EST,1.414037704,1.403356314,1.380486727,1.367723227,1.348457336,1.184960961,1.290171266,1.443805933,1.320340395,1.562816024,1.480269432,1.406175494,1.464920998,1.454074264,1.350997925,1.19994545,1.021855712,1.077202797,0.838656902,0.421918601,0.626334429,0.482354999,0.538301587
Belarus,BLR,Government Effectiveness: Estimate,GE.EST,-0.380564451,-0.546766698,-0.721570194,-1.043802381,-1.046411037,-1.207640886,-1.133684516,-1.203712702,-1.160435677,-1.167096853,-1.209062576,-1.188547492,-1.191681385,-0.967426658,-0.95636642,-0.480019152,-0.447351336,-0.472853124,-0.315424979,-0.25573644,-0.129739583,-0.798498213,-0.770816863
Belgium,BEL,Government Effectiveness: Estimate,GE.EST,1.711543679,1.770154357,1.659194231,1.915110826,1.867962003,1.853857398,1.706026554,1.742777586,1.60173285,1.380659461,1.567259312,1.654006839,1.723260999,1.670858145,1.702398062,1.518173218,1.556387544,1.427392483,1.271787643,1.256181955,1.142297983,1.116143942,1.125090241
Belize,BLZ,Government Effectiveness: Estimate,GE.EST,0.388550758,0.401742518,0.364934474,0.3014974,0.319204599,0.20606944,0.14943254,-0.111857474,-0.233295649,-0.313745677,-0.306259096,-0.261475742,-0.248953149,-0.165343121,-0.146239355,-0.543264508,-0.60754776,-0.600371897,-0.637444735,-0.596393645,-0.60082376,-0.568718016,-0.488973141
Benin,BEN,Government Effectiveness: Estimate,GE.EST,-0.380564451,-0.349467725,-0.396729678,-0.576151073,-0.568775833,-0.528148711,-0.659076095,-0.651569664,-0.549093544,-0.498357534,-0.598890066,-0.614182591,-0.551150143,-0.530877173,-0.511948347,-0.486698359,-0.651237786,-0.597261608,-0.672316074,-0.609943569,-0.466742843,-0.260536432,-0.206672296
Bermuda,BMU,Government Effectiveness: Estimate,GE.EST,1.157665968,1.15295279,1.126598597,1.101166725,1.091144085,1.15745306,1.021532297,1.02090764,0.991009831,1.012998343,1.016889334,1.000009179,0.989928126,1.001992941,1.009693861,0.948114812,1.00404346,1.323128939,1.381827235,1.380098939,1.355696321,1.534462929,1.536465049
Bhutan,BTN,Government Effectiveness: Estimate,GE.EST,0.644922495,0.652145922,0.618822575,0.568053842,0.576517761,0.124785841,0.357050955,0.271551549,0.347575217,0.318026304,0.51552695,0.596895039,0.679861605,0.553633213,0.4281376,0.295157015,0.452153057,0.555250704,0.619420409,0.395572245,0.351603776,0.445312023,0.796326637
Bolivia,BOL,Government Effectiveness: Estimate,GE.EST,-0.174989536,-0.097585991,-0.309992284,-0.32778573,-0.382900864,-0.648214281,-0.699732721,-0.733223915,-0.574611723,-0.631037652,-0.607502222,-0.502368271,-0.471269518,-0.361267656,-0.379845023,-0.586189091,-0.651217341,-0.576043069,-0.370755553,-0.303807169,-0.774055243,-0.702078521,-0.731921494
Bosnia and Herzegovina,BIH,Government Effectiveness: Estimate,GE.EST,-1.192045927,-1.20836997,-1.057379365,-1.071950078,-0.888265491,-0.704951227,-0.766192019,-0.633571148,-0.860691369,-0.602844954,-0.719220936,-0.737868011,-0.733116925,-0.449273467,-0.427030027,-0.48677516,-0.589775622,-0.413330823,-0.484354198,-0.638621569,-0.669898689,-1.043453574,-1.041251063
Botswana,BWA,Government Effectiveness: Estimate,GE.EST,0.556376994,0.430778682,0.420466751,0.536757171,0.619905114,0.59890151,0.58188504,0.41898492,0.533447444,0.517145455,0.414568633,0.386874497,0.410438478,0.421417683,0.377902538,0.295623541,0.479426295,0.528043211,0.395828336,0.280855685,0.400045097,0.199554354,0.354068398
Brazil,BRA,Government Effectiveness: Estimate,GE.EST,-0.143133715,-0.201571122,0.043085087,-0.034615345,0.079587273,-0.097499236,-0.161735713,-0.398304135,-0.299589753,-0.15749611,-0.158917338,-0.094215512,-0.160819367,-0.169213906,-0.126656055,-0.181397632,-0.232308552,-0.221285507,-0.292603076,-0.498852432,-0.206858993,-0.43761009,-0.460291952
Brunei Darussalam,BRN,Government Effectiveness: Estimate,GE.EST,0.927289665,0.892576635,0.866731763,0.845220685,0.688276529,0.224801153,0.594444633,0.86607492,0.917741776,0.880291998,0.913711667,0.896480978,0.8911888,0.837379038,0.864929259,1.081873417,1.056566596,1.079201698,1.140028715,1.245598555,1.311809182,1.429679275,1.454833269
Bulgaria,BGR,Government Effectiveness: Estimate,GE.EST,-0.042584829,-0.083464123,0.037975479,0.173596397,0.030534759,0.075740859,0.131950036,-0.136293441,-0.126671836,-0.18058373,0.068754435,-0.069736719,-0.075621031,-0.031450093,-0.015521661,-0.11380437,0.016386688,0.120276362,0.128312349,0.140734524,0.202311069,-0.182731494,-0.139183074
Burkina Faso,BFA,Government Effectiveness: Estimate,GE.EST,-0.928940415,-0.918438375,-0.783201575,-0.846448183,-0.814034224,-0.695688009,-0.600863695,-0.800466657,-0.769253969,-0.527292013,-0.615956783,-0.587244034,-0.566133022,-0.631817698,-0.669020593,-0.591082871,-0.647623837,-0.595434606,-0.604678869,-0.611225009,-0.753421664,-0.675997257,-0.726333022
Burundi,BDI,Government Effectiveness: Estimate,GE.EST,-1.662423134,-1.601484895,-1.412281871,-1.502607822,-1.495919228,-1.236027002,-1.25173223,-1.114812851,-1.285984635,-1.139725447,-1.069054723,-1.127795339,-1.087861061,-1.31334269,-1.071575284,-1.151783228,-1.208083391,-1.455983877,-1.360134125,-1.426494479,-1.350362778,-1.281262875,-1.331090689
Cabo Verde,CPV,Government Effectiveness: Estimate,GE.EST,..,..,..,-0.270427465,-0.282835037,-0.347772747,-0.236018777,-0.030686401,0.285647899,-0.029368326,-0.083516851,-0.100973316,0.079043373,0.053191092,0.041717578,0.037070904,0.19493103,0.137604639,0.174251601,0.355626673,0.291506767,0.226905838,0.042736243
Cambodia,KHM,Government Effectiveness: Estimate,GE.EST,-0.724763095,-0.874252379,-0.897491276,-0.807996273,-0.913508534,-0.902321815,-1.001747727,-0.980856121,-0.910214007,-1.00050509,-0.958654165,-0.960994601,-0.869724989,-0.817487955,-0.909453154,-0.693109095,-0.701688945,-0.69183284,-0.654785931,-0.555220902,-0.571561098,-0.392002016,-0.422636479
Cameroon,CMR,Government Effectiveness: Estimate,GE.EST,-1.080202699,-0.826229513,-0.823291063,-0.911196768,-0.838255286,-0.805877626,-0.928648829,-0.970729887,-0.849485576,-0.823444545,-0.850612581,-0.900068581,-0.891388357,-0.90253967,-0.922704458,-0.810280144,-0.800239265,-0.782967508,-0.826015651,-0.822952509,-0.83137095,-0.900137961,-0.875312626
Canada,CAN,Government Effectiveness: Estimate,GE.EST,1.742363691,1.877301693,1.849078655,1.860855937,1.923825741,1.90024209,1.881939769,1.891714334,1.754162312,1.781874537,1.741881609,1.77762568,1.772330761,1.756651282,1.781098008,1.754314423,1.7574085,1.774251819,1.848514438,1.707835555,1.724295616,1.63518703,1.603892088
Cayman Islands,CYM,Government Effectiveness: Estimate,GE.EST,1.926781178,1.904163122,1.888262868,1.90083611,1.348457336,1.256278276,1.287201762,1.279470682,1.246103287,1.270425439,1.263980389,1.246244311,1.236214161,1.247285604,1.221145153,1.175349116,1.163204432,1.176936388,1.221999407,1.197371006,1.163199425,1.121367574,1.290151834
Central African Republic,CAF,Government Effectiveness: Estimate,GE.EST,-1.406051278,-1.351081371,-1.412281871,-1.382853866,-1.20287776,-1.329879522,-1.5740484,-1.464210272,-1.539292693,-1.380067945,-1.401379704,-1.398226023,-1.317806125,-1.457386017,-1.630319953,-1.8873595,-1.788288116,-1.785910368,-1.77838099,-1.714512467,-1.754603624,-1.70478034,-1.644267082
Chad,TCD,Government Effectiveness: Estimate,GE.EST,-0.636936128,-0.599871159,-0.650617778,-0.888108373,-1.172560811,-1.149736881,-1.393471599,-1.459057212,-1.607999802,-1.551874518,-1.417354941,-1.455557346,-1.371683717,-1.484555364,-1.387030363,-1.509681106,-1.452338576,-1.520560622,-1.478251815,-1.533063173,-1.576589465,-1.481645107,-1.424023867
Chile,CHL,Government Effectiveness: Estimate,GE.EST,1.337976933,1.097435236,1.005559683,1.078486919,1.106830359,1.125161886,1.159705639,0.938530207,1.192902327,1.067493558,1.144156694,1.164496779,1.159733891,1.184975624,1.164644718,1.036063433,0.946688175,0.864224792,0.839776456,0.939167738,0.891052961,0.737568378,0.626065135
China,CHN,Government Effectiveness: Estimate,GE.EST,-0.348653883,-0.198783293,-0.158842877,-0.123097204,-0.163367793,-0.125968367,-0.151839033,0.026935905,0.154929847,0.153617859,0.081667021,0.079109058,0.070834443,0.000691475,-0.019736055,0.345973432,0.43783015,0.377766103,0.438617289,0.518306255,0.563922524,0.677315116,0.840674877
Colombia,COL,Government Effectiveness: Estimate,GE.EST,-0.458628893,-0.325808048,-0.403075814,-0.487907588,-0.218225598,-0.212078556,-0.194757387,-0.189169973,-0.046991389,-0.021946041,-0.300278097,-0.121465318,-0.047133159,0.000233645,0.055446789,-0.137135625,-0.06480556,-0.007103793,-0.114196181,-0.111109771,0.060806107,0.038009625,-0.014559229
Comoros,COM,Government Effectiveness: Estimate,GE.EST,-1.662423134,-1.601484895,-1.15839386,-0.764728427,-1.224674344,-1.311760306,-1.609832406,-1.599419951,-1.76457727,-1.752469659,-1.729006648,-1.750477314,-1.809618473,-1.60205996,-1.609443426,-1.738213301,-1.610551596,-1.639262915,-1.65252018,-1.686996818,-1.721721411,-1.624197125,-1.790166259
"Congo, Dem. Rep.",COD,Government Effectiveness: Estimate,GE.EST,-1.64999783,-1.731027842,-1.791944146,-1.841436386,-1.717788696,-1.429206729,-1.570344925,-1.563937306,-1.739302635,-1.643810987,-1.655371785,-1.72185111,-1.683877468,-1.645317078,-1.467610121,-1.565615535,-1.602173805,-1.521072507,-1.634873986,-1.539629221,-1.618209124,-1.714080572,-1.71887815
"Congo, Rep.",COG,Government Effectiveness: Estimate,GE.EST,-1.169292927,-1.104274154,-1.150753498,-1.265289545,-1.189265966,-1.061163783,-1.276960731,-1.244367957,-1.328600883,-1.224764228,-1.216791391,-1.23538506,-1.20512259,-1.174452543,-1.158258438,-1.129546165,-1.050904751,-1.109113693,-1.222203732,-1.178696156,-1.390875697,-1.482904077,-1.551096678
Cook Islands,COK,Government Effectiveness: Estimate,GE.EST,..,..,..,..,..,..,0.917463064,0.601846397,0.72202456,..,-0.989018619,-1.016521692,-0.978452444,-0.99913168,-0.993233442,..,..,..,..,..,..,..,..
Costa Rica,CRI,Government Effectiveness: Estimate,GE.EST,0.468430698,0.309278876,0.262206674,0.306561232,0.20942755,0.209957853,0.145604402,0.024660753,0.208668038,0.26779294,0.319172204,0.296542972,0.280533075,0.474561214,0.456286848,0.359661102,0.331427366,0.309364438,0.24597849,0.378318965,0.372309685,0.227197662,0.25731039
Cote d'Ivoire,CIV,Government Effectiveness: Estimate,GE.EST,-0.260978222,-0.233207598,-1.007851839,-0.941148579,-1.123632669,-1.273715019,-1.344843984,-1.156987906,-1.215181589,-1.250183105,-1.121170759,-1.29321754,-1.17539227,-1.11026895,-0.93838346,-0.858885229,-0.718897879,-0.703345537,-0.782439888,-0.620790184,-0.528571486,-0.506700754,-0.501908422
Croatia,HRV,Government Effectiveness: Estimate,GE.EST,0.102206022,0.038035642,0.36339438,0.328575701,0.317021996,0.444230616,0.454719186,0.555227637,0.4578031,0.575831294,0.590058148,0.586267292,0.505918562,0.678777635,0.679197311,0.678440213,0.486154109,0.454411864,0.568788588,0.547258854,0.489911973,0.461028814,0.591041088
Cuba,CUB,Government Effectiveness: Estimate,GE.EST,-0.908112824,-0.504450858,-0.368335545,-0.584336102,-0.364734918,-0.467868567,-0.549912512,-0.25402537,-0.206764117,-0.385921687,-0.367364615,-0.366618603,-0.380914509,-0.407112777,-0.440643877,-0.048310254,0.020284073,-0.10614311,-0.183646217,-0.248214498,-0.17598556,-0.173482493,-0.215295181
Cyprus,CYP,Government Effectiveness: Estimate,GE.EST,1.171663761,1.19583571,1.074904203,1.295337439,1.122801542,1.107135057,1.152060747,1.261408091,1.420614243,1.523222446,1.414181828,1.526306391,1.557673216,1.383294225,1.360271811,1.135781765,1.045255303,0.956362784,0.916094303,0.914614916,0.98665911,0.875510335,0.736126184
Czech Republic,CZE,Government Effectiveness: Estimate,GE.EST,0.620582998,0.585556746,0.587459147,0.921997309,0.858715713,0.869733334,0.919466615,1.089976907,0.847948611,0.955989301,0.8788656,0.907329381,0.928563893,0.926879466,0.921189189,1.034445882,1.056754947,1.040519714,1.064538956,0.983867347,0.949878514,0.949175954,1.110251784
Denmark,DNK,Government Effectiveness: Estimate,GE.EST,1.759047866,1.910748959,1.896548867,2.024043322,2.087046385,2.286734104,2.114338875,2.223527431,2.346357107,2.240653992,2.228404284,2.09987402,2.100861073,1.98666501,1.943543196,1.785350323,1.820994139,1.850564837,1.779105067,1.843762279,1.902856112,1.881267548,2.004073381
Djibouti,DJI,Government Effectiveness: Estimate,GE.EST,-0.893307924,-0.850274563,-0.90450573,-0.764728427,-0.710048139,-0.635757148,-0.816397786,-0.915894568,-0.902345598,-0.917468786,-0.933272064,-1.007150531,-0.981230557,-1.081844687,-0.980983675,-1.016221881,-0.993094265,-1.013664842,-1.062898993,-0.955514669,-0.786942482,-0.728089869,-0.798380613
Dominica,DMA,Government Effectiveness: Estimate,GE.EST,0.644922495,0.652145922,0.872710645,0.834610283,0.833830893,0.623128891,0.570302904,0.567420244,0.593268931,0.629341245,0.670342624,0.680709541,0.673834026,0.75064826,0.792220891,0.159368187,0.206439584,0.150095642,-0.217171431,-0.252663821,-0.231091559,-0.09811376,-0.09064205
Dominican Republic,DOM,Government Effectiveness: Estimate,GE.EST,-0.223238394,-0.526742637,-0.425159574,-0.38699019,-0.558881104,-0.664465666,-0.520599723,-0.561942935,-0.673774719,-0.643935084,-0.627658546,-0.69493258,-0.638263404,-0.542260885,-0.491729438,-0.461171865,-0.367906868,-0.262045592,-0.357882917,-0.365022033,-0.327568829,-0.251211733,0.030997649
Ecuador,ECU,Government Effectiveness: Estimate,GE.EST,-0.475311697,-0.35470736,-0.685290277,-0.831196308,-0.93481195,-0.956434309,-0.966200233,-1.037603974,-0.865519166,-0.859546006,-0.739758551,-0.675487161,-0.527029574,-0.473636031,-0.446686625,-0.382538944,-0.362452775,-0.352582246,-0.323384851,-0.291024178,-0.34275347,-0.44602558,-0.209148362
"Egypt, Arab Rep.",EGY,Government Effectiveness: Estimate,GE.EST,-0.473676085,-0.204747275,-0.174759328,-0.446098298,-0.380943358,-0.267650992,-0.39320299,-0.494286627,-0.368510872,-0.374092191,-0.200358406,-0.314766198,-0.435919046,-0.681242824,-0.782649994,-0.71567893,-0.658710361,-0.498412043,-0.496926844,-0.418590575,-0.216252834,-0.42018345,-0.432110906
El Salvador,SLV,Government Effectiveness: Estimate,GE.EST,-0.691500306,-0.611828744,-0.62050283,-0.609856188,-0.464947581,-0.456939608,-0.45301041,-0.220537201,-0.263144821,-0.216283143,-0.07901144,-0.016042762,-0.115253232,-0.140011951,-0.126089633,-0.02754074,-0.262551725,-0.319865674,-0.366407037,-0.471888274,-0.514914095,-0.233797476,-0.312677413
Equatorial Guinea,GNQ,Government Effectiveness: Estimate,GE.EST,-0.958404481,-1.041311145,-1.061323404,-1.142499089,-1.10543251,-1.192414999,-1.186115861,-1.274416566,-1.271917224,-1.262619138,-1.256798506,-1.256386757,-1.258116364,-1.253810763,-1.355711818,-1.162644029,-1.143215537,-1.127995968,-1.139552832,-1.168566823,-1.016508102,-1.190465212,-1.15928483
Eritrea,ERI,Government Effectiveness: Estimate,GE.EST,-1.149679661,-1.100677967,-1.15839386,-0.739994645,-0.817662001,-1.043412089,-0.973888636,-1.332094908,-1.341586113,-1.334893942,-1.395487428,-1.394882798,-1.488996625,-1.506818891,-1.546674013,-1.675517797,-1.637548566,-1.738544941,-1.762533903,-1.730391502,-1.769787312,-1.624176383,-1.676823735
Estonia,EST,Government Effectiveness: Estimate,GE.EST,0.61150378,0.495435953,0.687826872,0.667886496,0.884159386,0.908039093,0.940140545,1.15086925,1.011038184,1.163612366,1.004792809,1.08025527,1.070859671,0.948040783,0.969612479,1.012398362,1.064577818,1.085860014,1.105115891,1.184973955,1.168541312,1.334767699,1.382561922
Eswatini,SWZ,Government Effectiveness: Estimate,GE.EST,-0.636936128,-0.599871159,-0.650617778,-0.498171955,-0.710048139,-1.0837183,-0.951080739,-0.552253425,-0.573368132,-0.467913806,-0.429739743,-0.298452854,-0.521417379,-0.386308402,-0.369800895,-0.494793147,-0.507000148,-0.506514072,-0.46020031,-0.631603539,-0.601965368,-0.726357102,-0.728663802
Ethiopia,ETH,Government Effectiveness: Estimate,GE.EST,-1.207593679,-1.190728784,-1.206501126,-1.044390798,-1.071674585,-0.877902627,-0.919015706,-0.690019906,-0.466652423,-0.444984317,-0.556844592,-0.482412338,-0.514499664,-0.450273544,-0.618144035,-0.436862171,-0.659599066,-0.660469055,-0.71177578,-0.624305069,-0.623708487,-0.550458014,-0.613235295
Fiji,FJI,Government Effectiveness: Estimate,GE.EST,-0.1241927,-0.09906432,-0.142841607,0.3014974,0.061891425,-0.473163933,-0.0411449,-0.013344884,-0.539551437,-1.046419144,-1.174732447,-0.91553688,-0.898822069,-1.049253345,-1.030317187,-0.401604831,-0.292020977,-0.235701814,0.28252247,0.824066341,0.810354948,0.545305252,0.623805881
Finland,FIN,Government Effectiveness: Estimate,GE.EST,1.724996448,1.949857116,2.029718637,2.096402645,2.193020582,2.147143364,2.123961926,2.167194843,1.967402577,2.040577412,2.225256205,2.223692417,2.234978914,2.209977865,2.181060553,2.025872469,1.869519949,1.870932937,2.0096457,2.047128677,1.999046803,1.939224124,1.960441709
France,FRA,Government Effectiveness: Estimate,GE.EST,1.2518574,1.45350337,1.637057304,1.544081688,1.650370717,1.755186558,1.665979981,1.628099561,1.464010477,1.573470831,1.476853848,1.462455153,1.392090917,1.373074651,1.482449055,1.4134444,1.444361925,1.410835743,1.340848088,1.452368259,1.365859389,1.239420533,1.2675246
French Guiana,GUF,Government Effectiveness: Estimate,GE.EST,0.901294231,0.902549386,0.872710645,0.834610283,0.833830893,0.663326681,0.75586307,0.76234448,0.735916257,0.755571187,1.194588542,1.207287908,1.179854512,1.138415337,1.097413182,1.123803139,1.119116187,1.122741103,1.372410297,1.390384436,1.380732179,1.31186223,1.26537931
Gabon,GAB,Government Effectiveness: Estimate,GE.EST,-0.199152008,-0.462085247,-0.484881252,-0.282606691,-0.425147951,-0.849554956,-0.836226702,-0.835981369,-0.833478212,-0.900767446,-0.76251483,-0.796213508,-0.847696006,-0.961442292,-0.869095206,-0.606391788,-0.726703584,-0.799578965,-0.974690497,-0.802929819,-0.935714185,-0.967587471,-0.7835868
"Gambia, The",GMB,Government Effectiveness: Estimate,GE.EST,-0.619082868,-0.477520347,-0.50956285,-0.619889736,-0.419529736,-0.593214571,-0.72345221,-0.729389369,-0.614818096,-0.769249082,-0.743635356,-0.747328877,-0.673879147,-0.575523317,-0.739737511,-0.719586492,-0.954917192,-0.902069211,-0.717804849,-0.731363714,-0.741122901,-0.754498005,-0.638483942
Georgia,GEO,Government Effectiveness: Estimate,GE.EST,-0.636936128,-0.599871159,-0.42815426,-0.712642133,-0.197516724,-0.565151632,-0.436386257,-0.249387518,0.126756296,0.313344359,0.305827439,0.335790485,0.591335356,0.640399277,0.616263986,0.430173784,0.326052338,0.458598971,0.520323455,0.558672607,0.809545219,0.753325582,0.654211462
Germany,DEU,Government Effectiveness: Estimate,GE.EST,1.724676728,1.812501669,1.804531693,1.660018086,1.356821299,1.466727853,1.5000844,1.645597935,1.630697012,1.513504505,1.574908257,1.515488744,1.499923468,1.530664206,1.510821939,1.665354967,1.682785392,1.689760208,1.645124197,1.556094408,1.524563909,1.352196813,1.331146359
Ghana,GHA,Government Effectiveness: Estimate,GE.EST,-0.119933769,-0.219085738,0.033526257,-0.088578701,-0.296098858,-0.356408417,-0.215351611,0.025103601,0.085353352,-0.033038545,-0.127614856,-0.105485797,-0.092944771,-0.092501223,-0.136944935,-0.311548889,-0.288247645,-0.222265705,-0.162351951,-0.297320187,-0.265315861,-0.165586546,-0.149478808
Greece,GRC,Government Effectiveness: Estimate,GE.EST,0.83755517,0.736908495,0.587037921,0.77604568,0.703574002,0.785593033,0.70947206,0.62893945,0.551542997,0.577617407,0.614999592,0.49269253,0.451735079,0.276177168,0.357484907,0.298346072,0.175534189,0.155969188,0.269768149,0.288108438,0.34478572,0.437608153,0.443549573
Greenland,GRL,Government Effectiveness: Estimate,GE.EST,..,..,..,..,..,..,..,..,..,..,1.025499701,1.011932969,1.000817657,0.995843112,0.938591599,0.916320562,0.864757419,0.838680744,0.834646106,0.832002163,0.808333099,0.791538119,0.775258124
Grenada,GRD,Government Effectiveness: Estimate,GE.EST,0.644922495,0.652145922,0.618822575,0.568053842,0.576517761,0.560765624,0.388381481,0.390621811,0.318420023,0.238421962,0.238487989,0.190468416,0.278967619,0.32276392,0.274028927,-0.059461154,-0.15665251,-0.121551275,-0.137147561,-0.206633046,-0.09608376,0.028252639,0.026531931
Guam,GUM,Government Effectiveness: Estimate,GE.EST,..,..,..,..,..,0.342144519,0.224524423,0.245218232,0.225729167,0.24071677,-0.021332702,-0.024994714,-0.027633049,-0.040090244,-0.035958502,0.438700348,0.485081702,0.263139009,0.28252247,0.268033743,0.265013605,0.689502597,0.697109878
Guatemala,GTM,Government Effectiveness: Estimate,GE.EST,-0.454697043,-0.35470736,-0.56138736,-0.563064635,-0.570836306,-0.809396982,-0.79895395,-0.693938076,-0.666810572,-0.650941908,-0.711909115,-0.723099411,-0.727107823,-0.788484037,-0.727054179,-0.762473464,-0.739520848,-0.621087372,-0.663387358,-0.685638845,-0.694045961,-0.686632514,-0.751769006
Guinea,GIN,Government Effectiveness: Estimate,GE.EST,-1.169292927,-0.849191964,-0.877114892,-0.959807038,-0.762785912,-0.905039847,-1.057970881,-1.269739509,-1.250657439,-1.176248312,-1.046903133,-1.127732158,-1.149590731,-1.26455462,-1.174742222,-1.243937969,-1.156280398,-1.034941912,-1.06098485,-1.002142549,-0.83614707,-0.941214144,-0.915673137
Guinea-Bissau,GNB,Government Effectiveness: Estimate,GE.EST,-1.409645319,-1.290109992,-0.966977537,-1.060361862,-1.189265966,-1.347278833,-1.36573565,-1.131515384,-1.104709148,-1.064276099,-1.051625252,-1.070591688,-1.075903177,-1.292324066,-1.457127094,-1.644836664,-1.630338669,-1.682119727,-1.79129231,-1.523099303,-1.554981351,-1.451486468,-1.423883915
Guyana,GUY,Government Effectiveness: Estimate,GE.EST,-0.378730357,-0.036602434,-0.052148212,-0.17941758,-0.022858949,-0.040766299,-0.500308871,-0.292429447,-0.013658904,-0.178122938,-0.182079703,-0.122429632,-0.082355045,-0.100991204,-0.102908038,-0.222436294,-0.322603822,-0.276812613,-0.272031456,-0.246903375,-0.374773502,-0.416971475,-0.236731559
Haiti,HTI,Government Effectiveness: Estimate,GE.EST,-0.998445451,-1.173520446,-1.240616202,-1.356972814,-1.483278394,-1.724804521,-1.346182346,-1.306173086,-1.326563358,-1.315084219,-1.515387654,-1.657484651,-1.701724648,-1.664235473,-1.593705058,-2.091386318,-2.063530922,-2.137153149,-2.105768919,-1.932748675,-2.047519207,-2.089163303,-2.187487841
Honduras,HND,Government Effectiveness: Estimate,GE.EST,-0.743915081,-0.611828744,-0.579896092,-0.685433745,-0.766016126,-0.720981658,-0.68176502,-0.662204504,-0.55427438,-0.624780953,-0.679099441,-0.641049027,-0.524026811,-0.696037591,-0.728501976,-0.816930711,-0.826377571,-0.730238914,-0.504674911,-0.589021087,-0.588127494,-0.61373055,-0.782125533
"Hong Kong SAR, China",HKG,Government Effectiveness: Estimate,GE.EST,1.036225438,1.096901536,1.26450181,1.331108093,1.589556694,1.73508966,1.609023452,1.910807967,1.863487959,1.846378088,1.737173915,1.675154567,1.644753337,1.825387359,1.738379836,1.826506376,1.904233098,1.834740162,1.896662712,1.894866228,1.733729839,1.653233409,1.526116848
Hungary,HUN,Government Effectiveness: Estimate,GE.EST,0.863268733,0.936182857,0.999929845,0.991949141,0.832178175,0.806912422,0.751121044,0.842621207,0.695779979,0.701303959,0.677097797,0.653526425,0.659039736,0.61773026,0.688397706,0.5911237,0.546788156,0.498613775,0.522830725,0.486754298,0.49152106,0.573773086,0.634507835
Iceland,ISL,Government Effectiveness: Estimate,GE.EST,1.86076653,1.84430778,1.944974422,1.956811666,2.039054155,2.051875591,1.967950344,1.889759898,1.788223982,1.821932673,1.631163955,1.58019805,1.577260613,1.482834458,1.483321667,1.485888362,1.487901568,1.379790545,1.44565928,1.458007336,1.511367917,1.514867783,1.638630509
India,IND,Government Effectiveness: Estimate,GE.EST,-0.111606687,-0.114457399,-0.187351525,-0.189068422,-0.14701654,-0.183868796,-0.102668457,-0.099568792,0.136385813,-0.012702087,-0.006081604,0.029132048,0.019836776,-0.159344167,-0.160392627,-0.225482807,0.109133676,0.090959072,0.06893447,0.295401305,0.160742477,0.405513287,0.28236258
Indonesia,IDN,Government Effectiveness: Estimate,GE.EST,-0.705335677,-0.694517493,-0.366054028,-0.550523043,-0.597246408,-0.490023553,-0.503756702,-0.348478645,-0.308280289,-0.263586372,-0.331201553,-0.267384022,-0.322761536,-0.331714362,-0.244258091,-0.06490989,-0.296328127,-0.015978131,0.014091857,0.176904798,0.173593521,0.350167453,0.37900728
"Iran, Islamic Rep.",IRN,Government Effectiveness: Estimate,GE.EST,-0.600068271,-0.490328997,-0.492341906,-0.616700828,-0.55498755,-0.488706887,-0.655147314,-0.544011056,-0.634634912,-0.668018818,-0.562718391,-0.48397103,-0.438510597,-0.527663171,-0.677003026,-0.427461058,-0.209973752,-0.192301854,-0.199220181,-0.433131129,-0.556162298,-0.993540883,-0.858067036
Iraq,IRQ,Government Effectiveness: Estimate,GE.EST,-2.088644505,-1.919372201,-1.92812109,-1.962571979,-1.741861463,-1.607008457,-1.636427879,-1.734493494,-1.573203325,-1.240164042,-1.187919855,-1.103680372,-1.073969841,-1.055943847,-1.048166513,-1.056168675,-1.173539996,-1.203454971,-1.200534225,-1.245071411,-1.286283374,-1.280077577,-1.29181385
Ireland,IRL,Government Effectiveness: Estimate,GE.EST,1.670319676,1.736843228,1.592732906,1.571493626,1.495900273,1.518823624,1.73006916,1.531305671,1.553661942,1.490947008,1.331987977,1.344096184,1.44993639,1.538757682,1.504422426,1.59942472,1.547636628,1.359187126,1.29900372,1.410582304,1.285671115,1.471392989,1.504413486
Israel,ISR,Government Effectiveness: Estimate,GE.EST,0.774172544,1.040769339,1.05533421,1.030793786,1.139386654,1.241596222,1.038115263,1.247491121,1.230180383,1.325133443,1.271235466,1.386021972,1.336580753,1.269508362,1.243340015,1.206027627,1.383796334,1.339675069,1.380924225,1.201202631,1.319137335,1.088035226,1.291966438
Italy,ITA,Government Effectiveness: Estimate,GE.EST,0.840325475,0.829069972,0.722742617,0.753255427,0.743578076,0.6278373,0.555958807,0.355828702,0.191472277,0.272491664,0.417080879,0.467079729,0.40326032,0.447233975,0.532884181,0.473363519,0.519599438,0.575462759,0.522762895,0.438418537,0.478667974,0.393574446,0.361195982
Jamaica,JAM,Government Effectiveness: Estimate,GE.EST,0.139938012,0.224192709,0.002156443,-0.077622436,-0.016057532,0.129816845,-0.168275774,0.195772052,0.331559658,0.323536336,0.28276062,0.303514928,0.298074841,0.048251066,0.077461712,0.20426558,0.327525228,0.51226151,0.592082083,0.635772765,0.625826776,0.562295675,0.414007515
Japan,JPN,Government Effectiveness: Estimate,GE.EST,0.910290778,1.016816854,1.14183569,1.016847968,1.156972408,1.342913747,1.285090446,1.584587932,1.4407022,1.451211333,1.449903965,1.522145867,1.466697097,1.407681942,1.610950589,1.806141734,1.779806733,1.8146981,1.611937165,1.667645335,1.579613686,1.587120533,1.402757883
"Jersey, Channel Islands",JEY,Government Effectiveness: Estimate,GE.EST,..,..,..,..,..,..,..,..,..,..,..,..,1.449414611,1.443090081,1.372997284,1.348229289,1.295784712,1.263349295,1.258168936,1.252817392,1.23117137,1.212797761,1.182120085
Jordan,JOR,Government Effectiveness: Estimate,GE.EST,-0.0329143,0.084935077,0.016994981,0.07888519,0.165349856,0.036770198,0.007818559,0.193850517,0.23563686,0.243918031,0.241980702,0.096305743,0.103498705,0.048635475,0.000103879,0.14249149,0.145525068,0.15731056,0.106722482,0.134981379,0.11216253,0.126554161,0.227398813
Kazakhstan,KAZ,Government Effectiveness: Estimate,GE.EST,-0.958404481,-0.868950129,-0.778521121,-1.074650884,-0.766568899,-0.778656363,-0.672655463,-0.477141738,-0.666755974,-0.523493052,-0.43933332,-0.492326558,-0.510849118,-0.524907649,-0.620747626,-0.074625477,-0.110271521,-0.103502668,-0.028113032,-0.005484037,0.106465772,0.137930825,0.064204693
Kenya,KEN,Government Effectiveness: Estimate,GE.EST,-0.520850062,-0.490328997,-0.620078623,-0.756493151,-0.73415792,-0.687376261,-0.710719764,-0.656753838,-0.524612308,-0.620890677,-0.663946748,-0.581671715,-0.577180505,-0.540049195,-0.476614475,-0.357425809,-0.357313097,-0.364104778,-0.355771035,-0.469660044,-0.439814895,-0.400212824,-0.329993993
Kiribati,KIR,Government Effectiveness: Estimate,GE.EST,..,..,..,..,..,-0.423751354,-0.45759362,-0.468285233,-0.660555959,-0.699299693,-0.802719831,-0.880595326,-0.783532143,-0.799266338,-0.772722006,-0.566989005,-0.477987379,-0.400328964,-0.187736854,-0.206392258,-0.173108116,0.036428671,-0.008037528
"Korea, Dem. People's Rep.",PRK,Government Effectiveness: Estimate,GE.EST,-1.890350342,-1.91686368,-1.791944146,-1.864472628,-1.840136647,-1.747805834,-1.72842586,-1.768855929,-2.089170218,-2.025118113,-1.783667088,-1.871204019,-1.876439452,-1.908453107,-1.89786756,-1.638178349,-1.631062984,-1.623119712,-1.670722127,-1.572820783,-1.397718191,-1.467012644,-1.556904674
"Korea, Rep.",KOR,Government Effectiveness: Estimate,GE.EST,0.473718643,0.290556639,0.61354059,0.796305239,0.79389745,0.819718063,0.928436816,0.987868607,1.208933949,0.999494493,1.030014992,1.154882669,1.165251732,1.080360174,1.008804202,1.039786458,1.009095907,1.059131384,1.068592548,1.17572403,1.369798899,1.407164097,1.40621233
Kosovo,XKX,Government Effectiveness: Estimate,GE.EST,..,..,..,..,..,..,..,-0.340270251,-0.202387556,-0.230388626,-0.40944019,-0.590413213,-0.43932119,-0.324519962,-0.355947912,-0.28867805,-0.393234611,-0.404601932,-0.387631714,-0.417538285,-0.340276957,-0.298100531,-0.223405108
Kuwait,KWT,Government Effectiveness: Estimate,GE.EST,0.115851626,-0.083464123,-0.097940795,0.067220137,0.071461208,0.085861795,0.168505967,0.278032392,0.093594804,-0.013879394,0.197572693,0.163350806,0.018958118,-0.07355912,-0.072658472,-0.14966099,-0.034599941,-0.16450952,-0.17838344,-0.091574654,0.014634079,-0.163963556,-0.038367245
Kyrgyz Republic,KGZ,Government Effectiveness: Estimate,GE.EST,-0.380564451,-0.349467725,-0.405962914,-0.563407242,-0.54651022,-0.650944293,-0.878942847,-0.817205906,-0.784923196,-0.798640192,-0.974274337,-0.657304764,-0.636640549,-0.646357,-0.649237752,-0.872626364,-0.924228787,-0.910203934,-0.714723706,-0.606800556,-0.685740709,-0.532788515,-0.727085054
Lao PDR,LAO,Government Effectiveness: Estimate,GE.EST,-0.636936128,-0.599871159,-0.650617778,-0.859748542,-1.011361957,-1.030012965,-1.213480711,-0.992407501,-0.905326068,-0.888299227,-0.959277868,-0.864333332,-0.833878517,-0.838954091,-0.729127824,-0.408548594,-0.504291952,-0.386136264,-0.374306679,-0.670885146,-0.781425834,-0.745370984,-0.617719114
Latvia,LVA,Government Effectiveness: Estimate,GE.EST,0.48545891,0.187779129,0.209914908,0.486781418,0.600961149,0.576852441,0.530180514,0.655937552,0.425765485,0.522854865,0.621094942,0.726256728,0.692352653,0.832318246,0.884124279,0.954419672,1.086005092,1.000541806,0.899941564,1.036858559,1.098966122,0.874574065,0.872736692
Lebanon,LBN,Government Effectiveness: Estimate,GE.EST,-0.128497437,0.023913778,0.026065599,-0.207287535,-0.136932388,-0.156535685,-0.110049695,-0.153624713,-0.217762873,-0.314510286,-0.384471655,-0.133641437,-0.132695228,-0.231662378,-0.299645811,-0.248904824,-0.364741653,-0.442889571,-0.423257858,-0.642591894,-0.780926526,-1.183568954,-1.28703928
Lesotho,LSO,Government Effectiveness: Estimate,GE.EST,-0.1241927,-0.09906432,-0.142841607,0.03232839,0.048487328,-0.511967778,-0.171368718,-0.529728055,-0.465316534,-0.463686198,-0.396180034,-0.395948142,-0.376064658,-0.424930245,-0.456048638,-0.592783272,-0.720031857,-0.836329401,-0.885353148,-0.890175104,-0.87486881,-0.950795174,-0.913774908
Liberia,LBR,Government Effectiveness: Estimate,GE.EST,-1.719502926,-1.731027842,-1.791944146,-1.531707287,-1.427929401,-1.423024893,-1.427683234,-1.220161557,-1.176877618,-1.234547496,-1.20034039,-1.262158394,-1.231769323,-1.167322159,-1.373127222,-1.345759034,-1.342369318,-1.288122535,-1.342834473,-1.308888674,-1.373896837,-1.434617043,-1.376985192
Libya,LBY,Government Effectiveness: Estimate,GE.EST,-0.884026408,-0.933607459,-1.075034142,-1.030079365,-0.929176092,-0.863446057,-1.050127387,-1.078313828,-1.226517916,-1.13037169,-1.082782507,-1.085108161,-1.050575972,-1.274184704,-1.32280755,-1.517522573,-1.459648013,-1.72146976,-1.577755213,-1.66174829,-1.751571298,-1.840872765,-1.722766995
Liechtenstein,LIE,Government Effectiveness: Estimate,GE.EST,1.670409441,1.653759718,1.634374857,1.634279609,1.605770469,1.700991988,1.552871108,1.796597004,1.756290197,1.78527987,1.798323035,1.777940392,1.764280319,1.780427098,1.746956229,1.699113131,1.684510589,1.698881507,1.759410262,1.730706811,1.689490318,1.8145926,1.51467216
Lithuania,LTU,Government Effectiveness: Estimate,GE.EST,0.527473867,0.309278876,0.098632507,0.494154572,0.733195126,0.694563508,0.758438647,0.718626559,0.656960011,0.561311007,0.689102888,0.737868845,0.698012173,0.827294707,0.827008486,0.978460312,1.181320071,1.065135598,0.961367905,1.06573236,1.037445188,1.050779223,1.056605458
Luxembourg,LUX,Government Effectiveness: Estimate,GE.EST,1.959734678,1.963496685,1.890468955,1.975256443,1.855200052,1.876862526,1.771589279,1.566454768,1.585439801,1.616113782,1.743312716,1.716215968,1.742444277,1.663306117,1.622750998,1.64849925,1.719474912,1.685421586,1.677823782,1.76979363,1.726294041,1.832707167,1.719043255
"Macao SAR, China",MAC,Government Effectiveness: Estimate,GE.EST,0.388550758,0.401742518,0.618822575,0.834610283,1.348457336,1.182159305,1.287201762,1.02090764,0.991009831,1.012998343,1.345522285,1.34995091,1.325960994,1.086782694,1.058759332,1.463004112,1.445901513,1.176936388,1.376067638,1.197371006,1.163199425,1.121367574,1.132214189
Madagascar,MDG,Government Effectiveness: Estimate,GE.EST,-0.448235422,-0.546766698,-0.599425614,-0.32426405,-0.422788173,-0.595229208,-0.381986797,-0.659551501,-0.498579592,-0.685391068,-0.838610649,-0.993760526,-1.068306923,-1.118368268,-1.148323059,-1.327242017,-1.303598404,-1.198970437,-1.171193242,-1.188303351,-1.172654748,-1.028060079,-1.000361085
Malawi,MWI,Government Effectiveness: Estimate,GE.EST,-0.286933869,-0.3405855,-0.357144564,-0.765085936,-0.78205502,-0.862955928,-0.831709445,-0.89821732,-0.573404133,-0.58824414,-0.539876819,-0.471515417,-0.475620747,-0.51255703,-0.511835575,-0.659877241,-0.71234268,-0.763381362,-0.698232055,-0.774941504,-0.776979148,-0.797247529,-0.768746436
Malaysia,MYS,Government Effectiveness: Estimate,GE.EST,0.536282718,0.754812837,0.992942393,0.921506047,1.059484839,1.065771461,1.05909729,1.254253983,1.242435336,1.068703771,0.908778548,1.062340021,1.00221765,0.919373274,1.007166266,1.160819769,0.958086252,0.864153683,0.824154437,1.101460457,1.009139419,1.059082031,0.991686642
Maldives,MDV,Government Effectiveness: Estimate,GE.EST,0.901294231,0.902549386,0.872710645,0.834610283,0.576517761,0.373675913,0.239690825,0.170396283,0.123715602,-0.215118065,-0.436898768,-0.191439882,-0.293658286,-0.18681863,-0.30410412,-0.339784145,-0.349228293,-0.273779392,-0.425809234,-0.452918172,-0.149831071,-0.006868723,0.386397958
Mali,MLI,Government Effectiveness: Estimate,GE.EST,-0.998445451,-1.173520446,-1.056840181,-0.698373139,-0.738430738,-0.803888857,-0.72595948,-0.765874922,-0.766218364,-0.791931689,-0.802453339,-0.853063941,-0.802109778,-0.983904898,-0.89917177,-1.088420153,-0.929319561,-0.996003747,-0.93873322,-1.000320196,-1.068999887,-1.165863276,-1.223187923
Malta,MLT,Government Effectiveness: Estimate,GE.EST,0.927289665,0.892576635,1.050507784,1.050148249,0.87883091,0.778789401,0.816960216,1.018301487,1.199490786,1.270710707,1.169743896,1.18726325,1.189434648,1.240536571,1.251851082,1.024050117,0.847427666,0.951220751,1.000329137,0.962389171,0.852863729,1.031469941,0.892640531
Marshall Islands,MHL,Government Effectiveness: Estimate,GE.EST,..,..,..,..,..,..,-0.682044744,-1.004765868,-1.237886667,-1.280438781,-1.348720074,-1.141257048,-1.58591795,-1.518277526,-1.697127581,-1.786426187,-1.81800127,-1.775630593,-1.693563104,-1.589154601,-1.544889212,-1.40530467,-1.488239288
Martinique,MTQ,Government Effectiveness: Estimate,GE.EST,0.901294231,0.902549386,0.872710645,0.834610283,0.833830893,0.836270869,0.75586307,0.76234448,0.735916257,0.755571187,0.757333755,0.743758202,0.735537827,0.741472185,0.748280764,0.693407595,0.744562626,0.793133914,1.107001185,1.10208261,1.083025575,0.971156001,0.976894975
Mauritania,MRT,Government Effectiveness: Estimate,GE.EST,-0.1241927,-0.09906432,-0.142841607,-0.231615514,-0.19542174,-0.591448247,-0.324555993,-0.909149766,-0.921015084,-1.001306415,-0.925859511,-0.986153364,-0.962067187,-0.913015425,-0.992993474,-0.99146378,-1.025568247,-0.808020651,-0.76363492,-0.7856915,-0.575070918,-0.807231069,-0.733716249
Mauritius,MUS,Government Effectiveness: Estimate,GE.EST,0.202324584,0.323917389,0.430507243,0.371119827,0.743758678,0.694273651,0.617880166,0.703913331,0.755177498,0.831424832,0.802594244,0.910086334,0.886751354,1.046700478,0.920593023,1.155632257,1.160920143,1.05714941,0.998664975,0.932905674,0.89203757,0.884526432,0.849402547
Mexico,MEX,Government Effectiveness: Estimate,GE.EST,0.225326702,0.384369582,0.276181936,0.218386546,0.135325372,0.078619517,0.033137795,0.051777285,0.138943002,0.163555026,0.144824192,0.099259831,0.257281601,0.30096364,0.307451427,0.138297051,0.151816562,0.063901789,-0.031995479,-0.263602465,-0.27937749,-0.24266322,-0.31216228
"Micronesia, Fed. Sts.",FSM,Government Effectiveness: Estimate,GE.EST,..,..,..,..,..,-0.028450239,0.114336714,-0.032044575,-0.533373713,-0.510628402,-0.356269479,-0.470069766,-0.803482592,-0.643289566,-0.568482995,-0.515850127,-0.376106203,-0.264031202,0.200173408,-0.044604335,-0.089804634,0.18357487,0.124419935
Moldova,MDA,Government Effectiveness: Estimate,GE.EST,-0.215465322,-0.3405855,-0.535638273,-0.586018622,-0.660864532,-0.842749298,-0.753627777,-0.800863206,-0.833722353,-0.785365343,-0.560340583,-0.661308467,-0.611933291,-0.562788844,-0.400530994,-0.406121105,-0.652528584,-0.631148696,-0.529130578,-0.465657294,-0.412090153,-0.514038086,-0.404990613
Monaco,MCO,Government Effectiveness: Estimate,GE.EST,..,..,..,..,..,..,..,..,..,..,..,..,..,..,..,..,..,..,..,..,..,..,..
Mongolia,MNG,Government Effectiveness: Estimate,GE.EST,-0.378730357,-0.291684538,-0.325786859,-0.115116656,-0.219482824,-0.38648507,-0.377561241,-0.495436788,-0.543998063,-0.531455338,-0.668986678,-0.565998375,-0.580542684,-0.632912159,-0.543920457,-0.429426044,-0.410802335,-0.07683713,-0.254585743,-0.220212623,-0.191707879,-0.368315816,-0.467179894
Montenegro,MNE,Government Effectiveness: Estimate,GE.EST,..,..,..,..,..,..,0.348541498,0.157076731,-0.294287652,-0.014989525,-0.010964479,0.133294418,0.075811014,0.117444731,0.152013049,0.2928859,0.196320355,0.166023627,0.20202145,0.118020974,0.138532132,-0.07089214,0.006132639
Morocco,MAR,Government Effectiveness: Estimate,GE.EST,-0.104411051,0.023913778,0.026065599,-0.195086256,-0.192235157,-0.200155571,-0.388703555,-0.254543036,-0.334395856,-0.347747773,-0.282152444,-0.228841037,-0.264674336,-0.133275002,-0.077973127,-0.130273983,-0.111680008,-0.164237484,-0.279189408,-0.330775559,-0.201040924,-0.088720001,-0.066775173
Mozambique,MOZ,Government Effectiveness: Estimate,GE.EST,-0.14402017,-0.469900131,-0.493174553,-0.435577214,-0.54416883,-0.597040653,-0.543009222,-0.674824238,-0.549929261,-0.559530139,-0.600843906,-0.617089927,-0.651163042,-0.655166209,-0.636804581,-0.744948566,-0.783558726,-0.896996498,-0.919229388,-0.922593713,-0.873896122,-0.775558054,-0.765344799
Myanmar,MMR,Government Effectiveness: Estimate,GE.EST,-1.207593679,-1.190728784,-1.206501126,-1.337557554,-1.288119555,-1.575985789,-1.53295505,-1.468396425,-1.485532045,-1.534688115,-1.619489789,-1.622868419,-1.602065206,-1.480186582,-1.51170814,-1.30058372,-1.25729239,-0.990306139,-1.065703988,-1.077389359,-1.169048905,-1.016750574,-1.410243511
Namibia,NAM,Government Effectiveness: Estimate,GE.EST,0.431657553,0.295157015,0.288999677,0.174336687,0.256043524,0.138490334,0.074225001,0.162311792,0.198420018,0.342985272,0.211638153,0.156898081,0.135968268,0.240754634,0.273176253,0.22390613,0.326937437,0.229374781,0.259861737,0.15051809,0.12494795,0.067759402,0.059346285
Nauru,NRU,Government Effectiveness: Estimate,GE.EST,..,..,..,..,..,..,..,..,-0.584582984,-0.438042283,-0.399575144,-0.565107167,-0.583160341,-0.557996273,-0.578923523,-0.568764806,-0.536794186,-0.687633693,-0.435675859,-0.080540404,-0.133010134,-0.082360469,-0.380701691
Nepal,NPL,Government Effectiveness: Estimate,GE.EST,-0.380564451,-0.349467725,-0.396729678,-0.59819591,-0.795150697,-0.95579493,-0.863498569,-0.927428067,-0.717890441,-0.810725868,-0.961558819,-0.891942501,-0.915860295,-0.98878485,-0.929921746,-0.860475302,-1.068261385,-0.833284676,-0.894338429,-0.904906631,-1.052809358,-0.939734459,-0.871526241
Netherlands,NLD,Government Effectiveness: Estimate,GE.EST,1.942934752,2.004210949,1.983375669,1.933444738,1.953932524,2.070030212,1.937205434,1.784532547,1.721123576,1.686568737,1.735715747,1.770125628,1.820782542,1.83904779,1.809125423,1.836187243,1.854610324,1.84961915,1.84633708,1.842903614,1.796130896,1.843825102,1.766682148
Netherlands Antilles,ANT,Government Effectiveness: Estimate,GE.EST,..,..,..,..,..,1.182159305,1.021532297,0.76234448,0.735916257,0.755571187,0.757333755,0.743758202,0.735537827,0.741472185,0.748280764,..,..,..,..,..,..,..,..
New Zealand,NZL,Government Effectiveness: Estimate,GE.EST,1.771766543,1.628706098,1.58685112,1.678446293,1.761167645,1.939586282,1.740871668,1.583029389,1.65716064,1.668481112,1.847877145,1.811123967,1.871491432,1.791833878,1.750261784,1.925408959,1.879478693,1.83559823,1.760673285,1.662093163,1.663680792,1.580373883,1.350751281
Nicaragua,NIC,Government Effectiveness: Estimate,GE.EST,-0.570219934,-0.662364185,-0.660692811,-0.877977848,-0.796234727,-0.845464587,-0.831532359,-0.901949763,-0.957917213,-0.922438443,-0.966554761,-0.953751266,-0.897888482,-0.896317542,-0.816622496,-0.840402603,-0.819911599,-0.693790317,-0.632386208,-0.767319739,-0.740191996,-0.650465131,-0.852298975
Niger,NER,Government Effectiveness: Estimate,GE.EST,-1.169292927,-1.104274154,-1.150753498,-0.823412001,-0.663169801,-0.774815559,-0.792276323,-0.832272291,-0.803757966,-0.737796187,-0.707001507,-0.705803335,-0.654597759,-0.699347138,-0.735528409,-0.715861976,-0.691085339,-0.668597102,-0.732213914,-0.802954137,-0.816304088,-0.634796858,-0.614557326
Nigeria,NGA,Government Effectiveness: Estimate,GE.EST,-0.923635602,-1.119764566,-0.970691919,-1.019714952,-0.921969414,-0.94071418,-0.901512623,-0.972157061,-1.039311171,-0.995108604,-1.204816937,-1.169436932,-1.106270552,-1.002810359,-0.999358833,-1.190599918,-0.971849918,-1.094462991,-1.020086169,-1.097488046,-1.184433699,-1.115896702,-0.995998681
Niue,NIU,Government Effectiveness: Estimate,GE.EST,..,..,..,..,..,..,..,..,..,..,-0.989018619,-1.016521692,-0.978452444,-0.99913168,-0.993233442,..,..,..,..,..,..,..,..
North Macedonia,MKD,Government Effectiveness: Estimate,GE.EST,-0.640733182,-0.724588931,-0.83855319,-0.571167231,-0.411156207,-0.180287644,-0.339008659,-0.1346865,-0.244193807,-0.095967896,-0.135823324,-0.187860429,-0.229721457,-0.217108637,-0.173673421,0.016454887,0.00162897,0.002120959,0.019064559,0.086029783,-0.097226731,0.063724369,-0.084261909
Norway,NOR,Government Effectiveness: Estimate,GE.EST,1.950875998,1.912079573,1.816123009,1.833722353,1.83330977,2.058423519,1.858618736,1.875217915,2.017309666,1.832195163,1.83740747,1.873342752,1.831497788,1.899612188,1.877040982,1.822072506,1.85963881,1.861883521,1.977334023,1.878419638,1.854676008,1.927046537,1.839355707
Oman,OMN,Government Effectiveness: Estimate,GE.EST,0.439418912,0.416656792,0.288999677,0.348226637,0.442849576,0.465126842,0.320283026,0.30317831,0.329215705,0.412127197,0.379322559,0.372534335,0.245542839,0.260224998,0.211261153,0.263467371,0.079835407,0.189830422,0.190403089,0.182124376,0.254982084,0.135548577,-0.118082352
Pakistan,PAK,Government Effectiveness: Estimate,GE.EST,-0.624154627,-0.490328997,-0.492341906,-0.549481332,-0.584134698,-0.540335596,-0.454609096,-0.380625218,-0.480452627,-0.731442809,-0.807771325,-0.770817995,-0.829370141,-0.778008282,-0.792022288,-0.757806361,-0.667266607,-0.654021263,-0.597104788,-0.63135314,-0.680663824,-0.540501833,-0.402694643
Palau,PLW,Government Effectiveness: Estimate,GE.EST,..,..,..,..,..,..,..,..,..,-0.606521606,-0.551203966,-0.854407668,-0.583160341,-0.557996273,-0.578923523,-0.568764806,-0.536794186,-0.401865363,-0.231101722,-0.016081886,-0.049124286,-0.052545074,-0.277704775
Panama,PAN,Government Effectiveness: Estimate,GE.EST,0.223578513,0.359814346,0.228873283,-0.028121203,-0.111934684,-0.086300641,0.071267135,0.067465708,0.134793907,0.122898214,0.106149197,0.134806827,0.134334534,0.326495528,0.324755341,0.281083971,0.311004341,0.186069354,0.057655349,0.042036124,0.130315572,0.197498485,0.159396783
Papua New Guinea,PNG,Government Effectiveness: Estimate,GE.EST,-0.340196431,-0.476207078,-0.360874891,-0.495324761,-0.522960186,-0.680194259,-0.886644959,-0.760499716,-0.655509472,-0.700601876,-0.751196206,-0.730973542,-0.716890812,-0.74063623,-0.661370575,-0.614890456,-0.604418278,-0.740352571,-0.664572179,-0.670348823,-0.810321033,-0.843611121,-0.887458801
Paraguay,PRY,Government Effectiveness: Estimate,GE.EST,-0.90946728,-1.055107117,-1.039068699,-1.113798499,-1.005551696,-0.97354579,-0.784747362,-0.973575294,-0.864798069,-0.88543433,-0.916107237,-0.923881888,-0.861026406,-0.908871949,-0.888060868,-0.947512805,-0.977565348,-0.800617397,-0.824384332,-0.585093081,-0.55618608,-0.538141966,-0.622933626
Peru,PER,Government Effectiveness: Estimate,GE.EST,0.034111183,0.072110459,-0.183523014,-0.391418874,-0.586898267,-0.652994692,-0.702019036,-0.764512181,-0.632966876,-0.43431294,-0.492372304,-0.239865243,-0.206811696,-0.187986538,-0.150920063,-0.326760858,-0.337474614,-0.226764232,-0.17642726,-0.298173666,-0.09746822,-0.263935298,-0.26079309
Philippines,PHL,Government Effectiveness: Estimate,GE.EST,-0.313254148,-0.036878657,-0.204128161,-0.178975061,-0.139936328,-0.215481788,-0.009251564,-0.129371062,0.120840609,0.062923484,0.034502875,0.077965677,0.198170111,0.211598411,0.21185942,0.324305803,0.195475072,0.055184983,-0.000521704,0.097593367,0.092971556,0.099493481,0.070326045
Poland,POL,Government Effectiveness: Estimate,GE.EST,0.681182623,0.624520898,0.568725228,0.45492664,0.512918115,0.441544533,0.454148412,0.337945521,0.358019769,0.462185711,0.516206503,0.630389631,0.596281648,0.656751573,0.658575594,0.768318057,0.76821363,0.684963107,0.58264631,0.579374313,0.543930948,0.359848201,0.292776763
Portugal,PRT,Government Effectiveness: Estimate,GE.EST,1.27418983,1.111658931,0.97235024,1.152351022,1.106329918,1.043895841,1.050786376,0.867318451,0.894103169,1.076926589,1.15200603,0.981262088,0.921028733,1.001620054,1.194558501,0.983859718,1.185522318,1.17856288,1.325972795,1.212995291,1.162806749,1.015471339,0.99130863
Puerto Rico,PRI,Government Effectiveness: Estimate,GE.EST,1.157665968,1.15295279,1.126598597,1.101166725,1.091144085,0.959802449,1.021532297,0.579065323,0.549214602,0.593608081,0.363295883,0.322824806,0.333856851,0.397003591,0.356445432,0.360622436,0.35655874,0.3929331,-0.10225711,-0.160520196,-0.167731956,-0.265082747,-0.264452815
Qatar,QAT,Government Effectiveness: Estimate,GE.EST,0.556376994,0.430778682,0.420466751,0.450908303,0.442849576,0.509284139,0.398032546,0.571230173,0.437972337,0.593609273,0.961149216,0.839780927,0.748206079,0.930580139,1.052301526,0.94070065,0.951725841,0.731654823,0.736953318,0.62567234,0.699964762,0.900529683,1.113643289
Reunion,REU,Government Effectiveness: Estimate,GE.EST,..,..,..,..,..,1.15745306,1.021532297,1.02090764,0.991009831,1.012998343,1.016889334,1.000009179,0.989928126,1.001992941,1.009693861,0.948114812,1.00404346,1.058131456,1.107001185,1.10208261,1.083025575,0.971156001,0.976894975
Romania,ROU,Government Effectiveness: Estimate,GE.EST,-0.286933869,-0.526742637,-0.26215899,-0.196587816,-0.289749026,-0.18037343,-0.295782208,-0.194396049,-0.358686417,-0.366409987,-0.371620506,-0.116975188,-0.199979275,-0.171900973,0.136252075,0.22602801,0.1281012,-0.04023087,-0.058391962,-0.147446275,-0.186415792,-0.257351339,-0.129637852
Russian Federation,RUS,Government Effectiveness: Estimate,GE.EST,-0.452226609,-0.662553489,-0.673456252,-0.376179725,-0.495257616,-0.479853064,-0.52384764,-0.466379404,-0.406899631,-0.410940289,-0.495853245,-0.601510108,-0.601379693,-0.533574045,-0.449865073,-0.187570468,-0.294513345,-0.285805225,-0.152871698,-0.064721718,0.065289877,-0.077657536,-0.176100716
Rwanda,RWA,Government Effectiveness: Estimate,GE.EST,-1.149679661,-1.100677967,-1.15839386,-1.212695479,-1.079400539,-0.718647003,-0.917753577,-0.38261193,-0.239745662,-0.216527954,-0.276193976,-0.153241441,-0.01403409,-0.092332125,-0.018382927,-0.048807293,-0.107887827,0.046917222,0.209884405,0.117395237,0.128713325,0.308448911,0.26119262
Samoa,WSM,Government Effectiveness: Estimate,GE.EST,0.388550758,0.401742518,0.364934474,0.3014974,0.319204599,-0.028450239,0.504707277,0.378777355,0.260539293,0.205781326,0.05876188,0.001173725,0.054982536,0.023713708,0.066229604,0.584227979,0.635636926,0.672427833,0.721671581,0.674102724,0.504421651,0.652662158,0.443131149
San Marino,SMR,Government Effectiveness: Estimate,GE.EST,..,..,..,..,..,..,..,..,..,..,..,..,..,..,..,..,..,..,..,..,..,..,..
Sao Tome and Principe,STP,Government Effectiveness: Estimate,GE.EST,-0.380564451,-0.349467725,-0.396729678,-0.498171955,-0.452734947,-0.710761964,-0.71800822,-0.837274373,-0.753269613,-0.736262798,-0.76072216,-0.861419261,-0.75251019,-0.736349225,-0.764673293,-0.86949122,-0.816462517,-0.744742393,-0.814973295,-0.756703734,-0.730839312,-0.691931129,-0.734239638
Saudi Arabia,SAU,Government Effectiveness: Estimate,GE.EST,-0.183629289,-0.219085738,-0.229407847,-0.337844789,-0.354694009,-0.373227358,-0.38093847,-0.180731818,-0.125066921,-0.095439591,-0.101208657,-0.012174686,-0.308550298,0.031393375,0.070713468,0.205546021,0.198126718,0.258924305,0.254605442,0.318702549,0.302020937,0.139777943,0.496305406
Senegal,SEN,Government Effectiveness: Estimate,GE.EST,0.076242514,-0.148121446,-0.165955797,-0.045844205,-0.394959658,-0.346871465,-0.25545451,-0.367796987,-0.490729719,-0.214621931,-0.554416418,-0.595708191,-0.497772127,-0.477523863,-0.428277671,-0.407872409,-0.449007273,-0.47374016,-0.340407968,-0.307826251,-0.115319677,-0.034973796,0.059229929
Serbia,SRB,Government Effectiveness: Estimate,GE.EST,-1.06467998,-0.883071959,-0.834016025,-0.554945648,-0.670327723,-0.249921352,-0.361880451,-0.238409474,-0.259359837,-0.255115598,-0.073039763,-0.079162896,-0.136380285,-0.17961286,-0.184865355,-0.002401923,0.023229351,-0.0108848,0.101498269,0.107353099,0.015244282,-0.010254648,0.047427159
Seychelles,SYC,Government Effectiveness: Estimate,GE.EST,0.644922495,0.652145922,0.618822575,0.568053842,0.576517761,0.495801389,0.45519349,0.471662462,0.607114613,0.72297734,0.655157924,0.62342,0.650379479,0.667528868,0.549897611,0.511074126,0.586286247,0.556529105,0.529888809,0.667298913,0.661006391,0.727294028,0.941589534
Sierra Leone,SLE,Government Effectiveness: Estimate,GE.EST,-1.409645319,-1.545192122,-1.608168244,-1.628981471,-1.358835697,-1.138119817,-1.353791952,-1.106383324,-1.16081059,-1.16265583,-1.200726509,-1.215191126,-1.196948647,-1.226806164,-1.224215031,-1.252800226,-1.247650146,-1.189618468,-1.191332459,-1.155907035,-1.135929108,-1.027739286,-1.114508152
Singapore,SGP,Government Effectiveness: Estimate,GE.EST,1.993047118,2.07239747,2.107993841,1.79351306,1.88189292,1.967402339,1.952961326,2.209695339,2.367803574,2.426028967,2.267011642,2.235757351,2.148647547,2.155763865,2.080410242,2.175314426,2.230875969,2.197673798,2.213762283,2.221915007,2.212734461,2.324859858,2.291487455
Slovak Republic,SVK,Government Effectiveness: Estimate,GE.EST,0.459862679,0.535887301,0.673051953,0.540845692,0.667460144,0.81953752,0.879802465,0.829258025,0.690268517,0.850697339,0.864594698,0.78365314,0.778892398,0.782018483,0.725599349,0.794016659,0.765795052,0.826409996,0.698181927,0.613614976,0.580516279,0.537019551,0.529206514
Slovenia,SVN,Government Effectiveness: Estimate,GE.EST,0.887160182,0.752557337,0.674126327,0.789837003,0.899216712,0.902846575,0.887038589,0.956635654,0.893484235,1.122717381,1.150474548,1.021005869,0.983655393,1.024909019,1.00788343,1.000908375,0.969194055,1.122145534,1.166331887,1.119007111,1.075390816,1.158009291,1.178203225
Solomon Islands,SLB,Government Effectiveness: Estimate,GE.EST,..,..,..,..,..,-1.115528107,-0.639271379,-1.004248261,-1.084248781,-1.007259607,-1.144396901,-1.022879243,-0.908761501,-0.813548028,-0.833914042,-1.122837424,-1.058191538,-0.996183038,-1.012466311,-1.031022072,-0.989601076,-0.83149296,-0.91164422
Somalia,SOM,Government Effectiveness: Estimate,GE.EST,-1.959855437,-1.91686368,-1.975720167,-1.531707287,-1.908805966,-1.844779849,-2.132419109,-2.074580908,-2.205251217,-2.303920269,-2.15922761,-2.171951532,-2.154077053,-2.195966244,-2.197916746,-2.445095778,-2.185796976,-2.177005291,-2.238853455,-2.19471097,-2.250986576,-2.109025478,-2.054953098
South Africa,ZAF,Government Effectiveness: Estimate,GE.EST,1.020495892,0.624708474,0.645909369,0.607831419,0.602573693,0.561649323,0.569725692,0.324346781,0.287496805,0.337714642,0.313202083,0.192784637,0.219012007,0.171206728,0.308263749,0.164872631,0.116498068,0.132853389,0.100143969,0.132596701,0.162542775,0.096805505,-0.017443843
South Sudan,SSD,Government Effectiveness: Estimate,GE.EST,..,..,..,..,..,..,..,..,..,..,..,..,-1.586475372,-1.623523593,-1.687205553,-2.100631475,-2.137000561,-2.335614443,-2.450314045,-2.329465628,-2.379828691,-2.31318593,-2.382605553
Spain,ESP,Government Effectiveness: Estimate,GE.EST,1.620027184,1.597302556,1.685757279,1.786120415,1.816004276,1.331858158,1.501133561,0.829858661,0.986619413,0.912080109,0.941483974,0.942760587,0.97218442,1.056865692,1.168068171,1.17374742,1.184805393,1.125179887,1.032243013,1.000047803,0.995634913,0.887231767,0.947267354
Sri Lanka,LKA,Government Effectiveness: Estimate,GE.EST,-0.183629289,-0.462085247,-0.342374563,-0.072716258,-0.267683148,-0.439131916,-0.310655504,-0.159798115,-0.07192523,-0.115974091,-0.146724001,-0.196751013,-0.103059769,-0.196667314,-0.158950359,0.07425952,0.012744916,0.009420081,-0.138596416,-0.228138447,-0.095113307,-0.046926882,-0.083028436
St. Kitts and Nevis,KNA,Government Effectiveness: Estimate,GE.EST,..,..,..,..,..,0.352888137,1.191974044,1.076955676,1.074980855,1.270425439,1.276444793,1.256260037,1.244318485,1.262513876,1.271106958,-0.070714049,0.225600779,0.263139009,0.557348669,0.546050012,0.537684321,0.689502597,0.417324841
St. Lucia,LCA,Government Effectiveness: Estimate,GE.EST,..,..,..,..,..,0.373675913,1.087521195,0.808243692,0.744667709,0.790785193,0.932834327,0.832029164,0.942713261,0.740133286,0.7787624,0.037912365,-0.030007577,0.099542975,0.361605376,0.281710476,0.310075104,0.308486879,-0.09064205
St. Vincent and the Grenadines,VCT,Government Effectiveness: Estimate,GE.EST,..,..,..,..,..,0.415251404,1.049177408,0.808243692,0.744667709,0.790785193,0.841676235,0.72320658,0.837155521,0.936751008,0.988204718,0.211654559,0.107711107,0.337547511,0.361605376,0.281710476,0.310075104,0.308486879,0.307540625
Sudan,SDN,Government Effectiveness: Estimate,GE.EST,-0.987331033,-1.055107117,-0.943567038,-1.078000426,-1.221395969,-1.156782269,-1.408913374,-1.163330436,-1.131642938,-1.283822298,-1.278290749,-1.378242254,-1.416032672,-1.430173278,-1.484835029,-1.556764126,-1.482540727,-1.530084252,-1.451912403,-1.606590033,-1.638879299,-1.525775909,-1.637499332
Suriname,SUR,Government Effectiveness: Estimate,GE.EST,-0.688587904,-0.477520347,-0.142010897,-0.210034415,-0.161602855,-0.046759825,-0.060379967,-0.333160937,-0.28103444,-0.129383475,-0.079284132,-0.108953409,-0.124104902,-0.013142894,-0.017958643,-0.177114308,-0.346649587,-0.338375062,-0.618173838,-0.657655537,-0.592646241,-0.54402411,-0.645067036
Sweden,SWE,Government Effectiveness: Estimate,GE.EST,1.921916842,1.884492755,1.879326344,1.962592721,2.016003609,2.099265337,1.887381077,1.800181627,2.017983913,1.94633615,2.041478157,1.962421894,1.924983621,1.910712123,1.789284706,1.681720495,1.711374879,1.69272089,1.708212614,1.704241157,1.70230341,1.709824443,1.652336717
Switzerland,CHE,Government Effectiveness: Estimate,GE.EST,1.757080555,1.906915069,1.956340551,1.937041759,1.752962708,2.158038378,1.845770478,2.074852467,2.035068274,2.026931286,1.944823146,1.870759368,1.861428857,1.882501483,1.816834927,2.105137587,1.992946982,2.000655413,2.050233603,2.030540466,1.944320321,2.010252953,2.032248974
Syrian Arab Republic,SYR,Government Effectiveness: Estimate,GE.EST,-0.804808199,-1.055107117,-0.943567038,-0.908703208,-1.138930917,-1.059873462,-1.146054149,-0.808171332,-0.689914644,-0.508487225,-0.479980648,-0.439207286,-0.510261297,-1.148818254,-1.398454905,-1.398063302,-1.588936806,-1.814593554,-1.76858151,-1.670984507,-1.711564183,-1.732112169,-1.739780784
"Taiwan, China",TWN,Government Effectiveness: Estimate,GE.EST,0.553475261,0.804550529,0.697363615,0.743589818,0.919284821,1.092839599,0.943565547,1.190606236,1.107516885,1.127833486,1.15675962,1.170809388,1.141404748,1.146935344,1.205067277,1.362642527,1.39176321,1.355576396,1.259074807,1.354941726,1.430010915,1.57687676,1.470059156
Tajikistan,TJK,Government Effectiveness: Estimate,GE.EST,-1.406051278,-1.351081371,-1.15839386,-1.241160631,-1.153896093,-0.984738469,-1.162422657,-1.074785113,-1.125625968,-1.08761251,-1.122828722,-0.930016458,-0.956123769,-0.934513927,-1.065713644,-0.787115037,-0.856023848,-1.04100883,-1.133444548,-1.108870268,-1.064220309,-0.706447482,-0.591922224
Tanzania,TZA,Government Effectiveness: Estimate,GE.EST,-0.687850118,-0.554986298,-0.556626618,-0.487236917,-0.495854169,-0.609513402,-0.431916296,-0.446258605,-0.423508465,-0.530926585,-0.629556417,-0.622613788,-0.662846506,-0.702938914,-0.713573635,-0.658473551,-0.622383058,-0.570895195,-0.650151134,-0.754148185,-0.832263291,-0.714811623,-0.63177985
Thailand,THA,Government Effectiveness: Estimate,GE.EST,0.180224553,0.03581414,0.177485347,0.261051059,0.312914401,0.269212455,0.346963078,0.424168885,0.298577756,0.169420019,0.218354702,0.093997881,0.110329352,0.139575377,0.173174858,0.268278122,0.28014797,0.271201015,0.304385245,0.3003968,0.303793728,0.233210638,0.253084868
Timor-Leste,TLS,Government Effectiveness: Estimate,GE.EST,..,..,..,-0.764728427,-0.967361331,-0.686499238,-1.000289679,-1.222839713,-1.153120637,-1.065993786,-1.19323945,-1.251838326,-1.185858727,-1.195800066,-1.246225476,-1.214188099,-1.069393873,-1.027978897,-1.005245328,-0.972366989,-0.880101264,-0.764207602,-0.758729935
Togo,TGO,Government Effectiveness: Estimate,GE.EST,-0.688587904,-0.987684667,-1.056840181,-1.198941946,-1.285197258,-1.385428667,-1.459256053,-1.49716568,-1.534018636,-1.491011024,-1.364273429,-1.391686678,-1.380310178,-1.303533673,-1.294747949,-1.271079183,-1.204812407,-1.095362186,-1.146355152,-1.075192928,-0.936474919,-0.69655925,-0.647204578
Tonga,TON,Government Effectiveness: Estimate,GE.EST,..,..,..,..,..,-0.547282875,-0.517296731,-0.637603045,-0.448294908,-0.447547376,-0.344380766,-0.287254304,-0.328607202,-0.386516184,-0.385724336,-0.006138959,-0.300382078,-0.2541942,-0.194146395,0.202312604,0.223588839,0.293504655,0.283389032
Trinidad and Tobago,TTO,Government Effectiveness: Estimate,GE.EST,-0.104411051,0.210070848,0.454069555,0.341267884,0.473132312,0.408112109,0.185132697,0.115371622,0.243682265,0.23054637,0.349775583,0.339394987,0.390841335,0.481429756,0.416589499,0.335453808,0.283133984,0.278874159,0.256764799,0.237960741,0.119822189,0.209754735,0.1926945
Tunisia,TUN,Government Effectiveness: Estimate,GE.EST,0.375723422,0.416656792,0.416736394,0.522498727,0.48796612,0.435415357,0.352184087,0.695144832,0.494684875,0.322918236,0.379744828,0.169263154,0.007769983,-0.043859743,-0.052393094,-0.063872755,-0.069419339,-0.173241034,-0.017163182,0.027209831,-0.003826548,-0.157310024,-0.167064905
Turkiye,TUR,Government Effectiveness: Estimate,GE.EST,-0.076127216,-0.312862217,-0.020434739,0.052565046,0.033012386,-0.022910146,0.143588141,0.103416599,0.327112079,0.290181726,0.289501756,0.314999729,0.365651339,0.432587445,0.399101764,0.394282222,0.228523105,0.030258318,0.051177416,-0.026705829,0.019244969,-0.127560288,-0.086595356
Turkmenistan,TKM,Government Effectiveness: Estimate,GE.EST,-1.149679661,-1.100677967,-1.15839386,-1.382853866,-1.408672929,-1.547066808,-1.56485045,-1.513271451,-1.400310278,-1.395724416,-1.382815242,-1.524074435,-1.512363911,-1.118825674,-1.125935435,-0.506690264,-0.548619747,-0.861578524,-0.964904189,-1.045483112,-0.966852665,-0.991539478,-0.928220212
Tuvalu,TUV,Government Effectiveness: Estimate,GE.EST,..,..,..,..,..,-0.670814514,0.016987693,-0.349038184,-0.4564282,-0.577250183,-0.447761238,-0.4924891,-0.477777064,-0.693722486,-0.65923655,-0.972998142,-0.995371938,-0.953740358,-0.741588473,-0.655209064,-0.619882762,-0.539141238,-0.478409946
Uganda,UGA,Government Effectiveness: Estimate,GE.EST,-0.687850118,-0.490328997,-0.492341906,-0.481236249,-0.456536323,-0.475024402,-0.575077951,-0.584199429,-0.455956519,-0.626968801,-0.674724519,-0.575548768,-0.562884808,-0.601154864,-0.615699768,-0.542870998,-0.548271418,-0.610120058,-0.613667309,-0.664690435,-0.621487856,-0.587560713,-0.570227385
Ukraine,UKR,Government Effectiveness: Estimate,GE.EST,-0.670080245,-0.848181307,-0.675985157,-0.695505381,-0.67591083,-0.668878913,-0.675604463,-0.526243389,-0.727617741,-0.792305231,-0.847769856,-0.824038923,-0.871114969,-0.593322158,-0.66313839,-0.397417575,-0.524381638,-0.581973433,-0.488905281,-0.436755747,-0.30889526,-0.382993966,-0.408967376
United Arab Emirates,ARE,Government Effectiveness: Estimate,GE.EST,0.77663964,0.752557337,0.747685492,0.796371579,0.524685383,0.679595292,0.704675853,0.936864734,0.91717428,0.868459821,0.986655533,0.892549038,1.049391031,1.142496109,1.170593381,1.430154562,1.505398035,1.409889698,1.410761595,1.42372942,1.370600343,1.316968679,1.39862752
United Kingdom,GBR,Government Effectiveness: Estimate,GE.EST,1.882196069,1.862164617,1.768822312,1.779725552,1.745565295,1.867567897,1.761077523,1.666418314,1.641020298,1.634230137,1.507895827,1.617794037,1.603979349,1.590896845,1.512603164,1.623921633,1.731592774,1.603366613,1.462094903,1.392800093,1.476235986,1.368001223,1.279481053
United States,USA,Government Effectiveness: Estimate,GE.EST,1.524920464,1.698527455,1.724886537,1.620927811,1.539453506,1.739815593,1.530565977,1.581312895,1.642653704,1.604505539,1.502784014,1.552067518,1.513583064,1.521011114,1.516837239,1.462136626,1.459397316,1.470559239,1.549218297,1.569072962,1.482331276,1.310419917,1.336411476
Uruguay,URY,Government Effectiveness: Estimate,GE.EST,0.584609449,0.430778682,0.416957408,0.588606656,0.459582776,0.303440303,0.492331803,0.377920926,0.559167504,0.536037385,0.620693743,0.629524291,0.53453809,0.410195321,0.391558528,0.428697258,0.477395326,0.530456185,0.428820461,0.530199647,0.671302378,0.769235492,0.839954197
Uzbekistan,UZB,Government Effectiveness: Estimate,GE.EST,-1.20064342,-1.205540299,-1.019983292,-1.208393455,-1.182025075,-1.194943428,-1.220470309,-1.180597901,-1.13117063,-0.885466874,-0.6308617,-0.719031394,-0.683713198,-0.913655996,-0.916848063,-0.624362528,-0.670059741,-0.579955995,-0.560735762,-0.548525631,-0.523717761,-0.530203223,-0.196801484
Vanuatu,VUT,Government Effectiveness: Estimate,GE.EST,..,..,..,..,..,-0.250807106,-0.259506971,-0.412739456,-0.411235124,-0.283090204,-0.321739256,-0.267455131,-0.213458091,-0.18976222,-0.182715878,-0.517081976,-0.791757166,-0.908069015,-0.923308551,-0.467415452,-0.530147731,-0.397548378,-0.558449566
"Venezuela, RB",VEN,Government Effectiveness: Estimate,GE.EST,-0.54071331,-0.79969734,-0.692695796,-1.002943635,-0.958337367,-1.055545211,-0.911587059,-1.060596585,-1.092526793,-1.144806147,-0.96865648,-1.097542167,-1.127799153,-1.078848362,-1.110398769,-1.169327974,-1.158841848,-1.23660326,-1.397838473,-1.644373655,-1.694786787,-1.871080518,-1.85184741
Vietnam,VNM,Government Effectiveness: Estimate,GE.EST,-0.580875695,-0.422356635,-0.39429751,-0.437316597,-0.415786147,-0.493995547,-0.23279807,-0.25140813,-0.235695943,-0.210234612,-0.250741363,-0.24868004,-0.214853138,-0.259284467,-0.255635917,-0.050733976,0.092465773,0.028949834,0.007790323,0.002768812,0.043867677,0.230213508,0.277978897
Virgin Islands (U.S.),VIR,Government Effectiveness: Estimate,GE.EST,..,..,..,..,..,0.638620377,1.287201762,1.279470682,1.246103287,1.270425439,1.276444793,1.256260037,1.244318485,1.262513876,1.271106958,1.20282197,1.263524532,1.323128939,0.832174897,0.824066341,0.810354948,0.689502597,0.697109878
West Bank and Gaza,PSE,Government Effectiveness: Estimate,GE.EST,-1.149679661,-1.100677967,-1.15839386,-1.031284809,-1.224674344,-0.791460991,-1.062053919,-0.981868684,-1.10637188,-1.273423553,-0.675499499,-0.373958826,-0.598375857,-0.712441206,-0.725639522,-0.488269746,-0.474415511,-0.634898186,-0.403328121,-0.762978435,-0.746353567,-0.648640096,-0.766787648
"Yemen, Rep.",YEM,Government Effectiveness: Estimate,GE.EST,-0.624154627,-0.797985852,-0.81583035,-0.891898394,-0.860055864,-0.971664608,-0.915598035,-0.918037176,-0.881667733,-0.890321016,-1.080344915,-1.02837956,-1.155693769,-1.284053206,-1.229525685,-1.436059356,-1.668584704,-1.870333195,-1.942872047,-2.263159752,-2.315260887,-2.348561049,-2.304463625
Zambia,ZMB,Government Effectiveness: Estimate,GE.EST,-1.12837553,-1.069229007,-1.078764439,-0.924903035,-1.017557502,-0.937764108,-0.944814146,-0.883435547,-0.751892865,-0.767481446,-0.822767735,-0.866416395,-0.685641646,-0.51138109,-0.521591067,-0.534560144,-0.612141967,-0.704610765,-0.671800911,-0.62477833,-0.717326403,-0.802456021,-0.81693244
Zimbabwe,ZWE,Government Effectiveness: Estimate,GE.EST,-0.318770558,-0.424850851,-0.757242501,-0.839923084,-0.926835656,-1.001512647,-1.354209661,-1.256437063,-1.292395353,-1.542652607,-1.553130746,-1.538160443,-1.419676661,-1.37521708,-1.30902648,-1.279023647,-1.2021662,-1.209889531,-1.238663435,-1.261773825,-1.267287731,-1.2997787,-1.242930412
,,,,,,,,,,,,,,,,,,,,,,,,,,
,,,,,,,,,,,,,,,,,,,,,,,,,,
,,,,,,,,,,,,,,,,,,,,,,,,,,
Data from database: Worldwide Governance Indicators,,,,,,,,,,,,,,,,,,,,,,,,,,
Last Updated: 09/23/2022,,,,,,,,,,,,,,,,,,,,,,,,,,