Country Name,Country Code,Indicator Name,Indicator Code,1960,1961,1962,1963,1964,1965,1966,1967,1968,1969,1970,1971,1972,1973,1974,1975,1976,1977,1978,1979,1980,1981,1982,1983,1984,1985,1986,1987,1988,1989,1990,1991,1992,1993,1994,1995,1996,1997,1998,1999,2000,2001,2002,2003,2004,2005,2006,2007,2008,2009,2010,2011,2012,2013,2014,2015,2016,2017,2018,2019,2020,2021,2022
Aruba,ABW,Livestock production index (2014-2016 = 100),AG.PRD.LVSK.XD,,,,,,,,,,,,,,,,,,,,,,,,,,,,,,,,,,,,,,,,,,,,,,,,,,,,,,,,,,,,,,,
Africa Eastern and Southern,AFE,Livestock production index (2014-2016 = 100),AG.PRD.LVSK.XD,,,,,,,,,,,,,,,,,,,,,,,,,,,,,,,,,,,,,,,,,,,,,,,,,,,,,,,,,,,,,,,
Afghanistan,AFG,Livestock production index (2014-2016 = 100),AG.PRD.LVSK.XD,,41.56,42.1,44.75,46.2,48.8,54.09,57.41,61.76,62.07,56.83,55.22,49.88,55.18,57.64,60.15,65.71,65.15,65.86,66.28,67.55,69.64,70.13,68.36,64.58,57.97,49.67,52.96,55.53,57.84,67.11,68.55,68.15,72.09,79.06,85.07,93.67,102.45,109.93,115.17,98.12,78.92,95.13,90.49,97.17,95.56,84.74,86.6,91.41,94.16,98.06,100.53,101.31,96.36,104.27,96.68,99.05,100.27,98.74,99.35,100.7,102.02,
Africa Western and Central,AFW,Livestock production index (2014-2016 = 100),AG.PRD.LVSK.XD,,,,,,,,,,,,,,,,,,,,,,,,,,,,,,,,,,,,,,,,,,,,,,,,,,,,,,,,,,,,,,,
Angola,AGO,Livestock production index (2014-2016 = 100),AG.PRD.LVSK.XD,,23.67,24.38,24.99,26.63,27.82,28.62,29.53,29.6,31.09,33.39,34.09,33.8,34.86,35.44,38.88,35.49,36.21,37.36,38.34,39.06,39.9,41.58,42.22,42.91,43.98,45.34,45.35,45.64,46.04,47.33,47.74,50.88,51.94,51.04,47.95,56.15,59.62,63.72,64.12,68.72,69.99,71.91,72.61,64.66,71.38,72.51,76.39,79.8,81.27,85.54,87.68,90.35,94.52,97.01,100.09,102.9,104.59,103.33,106.28,108.32,108.68,
Albania,ALB,Livestock production index (2014-2016 = 100),AG.PRD.LVSK.XD,,22.9,23.22,23.12,22.73,23.48,24.23,27.48,25.58,25.85,26.54,28.09,27.5,28.76,29.59,29.79,31.7,32.47,35.85,37.14,38.11,39.77,39.87,40.26,38.91,38.37,37.94,40.41,44.13,46.51,50.94,49.71,55.89,60.09,70.83,80.11,81.47,71.99,73.28,77.45,81.77,83.59,85.95,89.26,92.38,89.68,91.24,94.73,87.15,87.71,89.63,93.28,96.54,98.36,98.21,100.25,101.54,100.97,105.59,99.01,94.28,88.06,
Andorra,AND,Livestock production index (2014-2016 = 100),AG.PRD.LVSK.XD,,,,,,,,,,,,,,,,,,,,,,,,,,,,,,,,,,,,,,,,,,,,,,,,,,,,,,,,,,,,,,,
Arab World,ARB,Livestock production index (2014-2016 = 100),AG.PRD.LVSK.XD,,,,,,,,,,,,,,,,,,,,,,,,,,,,,,,,,,,,,,,,,,,,,,,,,,,,,,,,,,,,,,,
United Arab Emirates,ARE,Livestock production index (2014-2016 = 100),AG.PRD.LVSK.XD,,7.03,7.05,7.23,7.46,7.66,7.85,7.97,8.38,8.71,9.11,9.53,9.42,10.27,9.79,8.9,6.53,7.68,9.02,9.38,10.91,11.91,13.44,15.81,16.61,17.6,19.08,20.06,21.08,22.16,23.84,25.16,26.63,28.23,32.04,33.2,37.68,38.87,39.73,36.83,44,45.79,51.47,49.09,50.6,56.53,55.1,56.48,65.24,68.5,78.12,80.18,86.69,87.85,97.72,93.2,109.08,114.45,121.56,124.34,126.94,139.59,
Argentina,ARG,Livestock production index (2014-2016 = 100),AG.PRD.LVSK.XD,,59.2,63.44,68.48,57.66,57.91,65.36,69.09,69.87,76.01,70.36,59.65,63.58,61.96,62.23,68.18,75.59,76.81,82.22,79.53,75.97,77.88,70.66,68.6,70.77,76.12,79.14,72.97,70.57,72.48,79.52,78.05,76.43,80.16,82.07,82.07,81.66,82.59,79.71,87.28,86.46,80.95,76.77,79.31,87.04,94.47,95.5,98.42,99.03,104.72,92.47,93.47,95.95,100.06,98.28,103.11,98.61,103.05,108.23,110.51,112.98,111.24,
Armenia,ARM,Livestock production index (2014-2016 = 100),AG.PRD.LVSK.XD,,,,,,,,,,,,,,,,,,,,,,,,,,,,,,,,,58.46,51.8,51.7,53.26,53.82,53.82,56.02,55.7,57.4,56.46,58.5,61.91,66.56,70.04,75.54,79.26,82.67,81.46,80.67,80.63,81.81,87.51,94.63,100.33,105.04,106.9,102.03,101.42,101.22,95.68,
American Samoa,ASM,Livestock production index (2014-2016 = 100),AG.PRD.LVSK.XD,,,,,,,,,,,,,,,,,,,,,,,,,,,,,,,,,,,,,,,,,,,,,,,,,,,,,,,,,,,,,,,
Antigua and Barbuda,ATG,Livestock production index (2014-2016 = 100),AG.PRD.LVSK.XD,,101.55,75.8,93.31,111.69,105.2,106.77,96.93,98.13,105.92,107.17,137.22,132.92,127.82,125.23,107.47,114.44,126.31,170.39,188.28,226.32,208.32,201.02,209.31,205.58,243.71,245.3,245.76,245.71,211.94,222.82,246.08,235.01,248.08,250.24,243.39,235.88,232.59,230.95,243,246.16,259.51,250.55,267.92,269.68,276.55,278.17,269.69,270.12,249.23,105.53,112.75,100.48,103.5,100.35,98.46,101.19,103,87.02,91.93,100.69,94.24,
Australia,AUS,Livestock production index (2014-2016 = 100),AG.PRD.LVSK.XD,,49.93,54.65,57.12,59.43,60.33,58.54,58.48,59.73,62.38,67.43,68.83,73.47,71.3,63.37,69.7,75.53,76.41,79.14,76.63,70.32,68.87,69.84,70.46,66.44,68.8,72.45,76.87,78.39,77.02,83.78,83.57,81.86,83.25,84.39,81.98,80.32,83.44,87.17,89.44,91.36,91.26,92.33,86.07,87.7,88.21,91.2,90.75,87.8,86.85,85.88,86.4,88.46,95.07,100.86,102.38,96.76,90.98,95.84,96.17,94.75,87.81,
Austria,AUT,Livestock production index (2014-2016 = 100),AG.PRD.LVSK.XD,,67.09,70.99,72.15,72.34,72.39,72.12,77.3,79.7,79.73,79.59,80.77,79.48,79.83,83.82,84.87,86.07,86.29,88,92.23,93.44,94.25,95.57,95.72,100.53,99.93,100.58,101.02,98.12,96.67,97.58,95.72,96.13,94.48,93.2,86.88,89.84,89.2,90.14,91.79,92.54,93.29,92.96,92.36,91.54,89.8,91.1,92.41,93.53,95.57,97.13,97.7,97.66,98.02,98.46,100.17,101.37,101.37,101.49,101.07,100.87,99.23,
Azerbaijan,AZE,Livestock production index (2014-2016 = 100),AG.PRD.LVSK.XD,,,,,,,,,,,,,,,,,,,,,,,,,,,,,,,,,46.5,41.34,38.68,39.17,40.9,43.7,47.37,49.6,51.76,53.95,56.78,59.89,62.91,64.8,66.84,70.05,72.3,80.43,86.19,88.06,91.84,95.09,97.07,99.42,103.52,104.85,107.26,112.96,116.12,118.46,
Burundi,BDI,Livestock production index (2014-2016 = 100),AG.PRD.LVSK.XD,,35.09,35.72,35.79,37,39.96,41.5,44.24,46.11,51.68,52.37,53.81,58.04,60.4,61.48,65.97,74.78,68.74,69.05,68.24,65.78,57.67,58.69,61.38,62.58,60.16,68.69,69.7,74.45,74.77,65.34,73.21,70.72,70.86,66.99,56.61,53.2,49.3,51.88,62.26,56.72,52.21,50.61,50.28,46.12,59.09,70.77,67.5,64.69,70.1,71.04,78.4,91.13,74.94,92.59,98.11,109.31,127.57,130.98,131.11,122.02,128.06,
Belgium,BEL,Livestock production index (2014-2016 = 100),AG.PRD.LVSK.XD,,,,,,,,,,,,,,,,,,,,,,,,,,,,,,,,,,,,,,,,,97.3,98.36,98.26,94.91,94.01,89.72,90.93,91.2,87.5,87.24,92.89,92.72,91.3,94.45,97.11,102.11,100.79,102.49,104.92,101.97,104.87,104.86,
Benin,BEN,Livestock production index (2014-2016 = 100),AG.PRD.LVSK.XD,,17.9,18.83,20.92,22.41,23.09,24.44,25.82,26.15,27.63,27.94,28.01,29.43,30.13,32.62,35.29,36.5,36.38,38.19,39.42,42.15,43.2,46.06,51.02,54.36,57.84,50.16,48.9,46.57,44.54,45.57,50.31,51.69,52.37,56.03,53.48,56.22,56.82,60.13,59.26,68.86,69.18,72.66,72.93,78.61,81.28,80.17,82.51,75.36,71.51,83.68,89.37,92.49,97.53,97.43,100.26,102.32,104.82,106.82,118.19,121.44,107.47,
Burkina Faso,BFA,Livestock production index (2014-2016 = 100),AG.PRD.LVSK.XD,,12,12.5,12.82,13.59,15.59,14.6,14.9,15.16,15.71,16.1,17.05,15.32,12.21,11.55,13.07,12.21,12.39,13.72,14.97,14.73,14.86,15.69,17.33,17.8,19.85,20.6,21.36,21.8,23.33,31.75,44.23,45.49,46.69,48.49,50.54,52.03,54.74,56.98,59.64,62.61,66.57,68.7,79.75,81.42,85.46,87.64,90.24,93.93,96.58,99.41,101.77,99.41,102.59,102.39,97.86,99.74,97.83,101.96,119.23,112.15,113.9,
Bangladesh,BGD,Livestock production index (2014-2016 = 100),AG.PRD.LVSK.XD,,23.11,24.13,24.97,26.05,26.6,26.83,27.59,28.36,29.36,30.25,30.26,30.4,30.13,30.8,31.49,32.99,33.46,38.3,39.4,28.28,28.93,29.98,30.94,31.29,34.51,35.77,36.89,38.5,39.28,41.5,45.03,46.86,49.27,51.99,54.37,57.36,60.87,60.32,61.67,63.06,64.21,67.27,70.07,72.24,76.09,78.25,80.78,83.73,84.88,89.16,91.98,94.6,95.87,98.41,99.82,101.77,107.1,109.92,105.24,113.97,115.23,
Bulgaria,BGR,Livestock production index (2014-2016 = 100),AG.PRD.LVSK.XD,,140.89,145,143.96,157.65,176.46,189.62,199.98,208.67,199.28,197.5,207.31,215.51,219.05,220.66,233.61,249.64,251.44,261.18,279.47,281.76,287.43,296.79,306.66,313.93,311.16,318.96,316.44,316.94,316.25,302.51,254.19,236.4,209.95,177.22,178.61,187.12,173.53,184.6,194.84,188.44,112.14,122.13,115.42,123.56,122.7,123.67,114.31,112.52,111.39,108.91,107.75,105.66,104.65,100.12,99.37,100.51,97.29,93.76,92.25,88.56,91.72,
Bahrain,BHR,Livestock production index (2014-2016 = 100),AG.PRD.LVSK.XD,,2.8,2.87,2.86,2.81,3.39,3.28,3.45,2.97,3.5,3.8,3.28,3.72,4.43,4.57,6.65,7.51,7.96,9.31,11.22,14.05,9.86,14.4,12.85,15.77,18.18,14.31,22.05,14.31,15.9,15.4,15.26,17.78,19.75,14,13.28,14.08,21.94,20.37,22.01,26.43,21.34,21.92,19.84,17.35,19.01,19.78,22.09,22.47,28.01,24.39,40.1,63.26,86.43,81.31,98.77,119.93,147.84,149.08,137,125.69,133.54,
"Bahamas, The",BHS,Livestock production index (2014-2016 = 100),AG.PRD.LVSK.XD,,26.7,27.45,29.06,31.17,34.5,37.92,38.56,38.84,32.23,29.72,31.45,30.34,64.49,70.23,65.85,75.28,50.08,41.44,33.82,33.33,47.49,42.69,41.47,43.71,46.77,44.83,52.13,52.9,57.61,57.42,48.18,54.07,52.55,45.58,78.6,104.69,86.44,129.76,126.01,70.09,74.33,75,87.07,87.8,89.12,88.86,88.16,89.2,93.96,95.46,99.92,93.9,95.54,98.46,99.59,101.95,100.63,100.36,98.21,97.34,95.23,
Bosnia and Herzegovina,BIH,Livestock production index (2014-2016 = 100),AG.PRD.LVSK.XD,,,,,,,,,,,,,,,,,,,,,,,,,,,,,,,,,82.41,76.75,65.44,56.77,37.69,51.28,64.83,58.9,61.65,57.57,57.96,61.86,75.16,85.13,91.59,99.78,106.14,111.62,108.93,108.8,110.26,102.99,99.3,100.63,100.06,93.7,90.62,85.66,86.25,71.67,
Belarus,BLR,Livestock production index (2014-2016 = 100),AG.PRD.LVSK.XD,,,,,,,,,,,,,,,,,,,,,,,,,,,,,,,,,94.28,85.37,80.68,72.19,68.55,69.59,72.08,67.69,62.16,65.9,64.44,62.51,66.57,73.99,78.79,80.43,83.25,89.99,92.07,92.44,96.15,98.65,95.45,101.81,102.73,104.89,105.86,106.35,111.34,111.18,
Belize,BLZ,Livestock production index (2014-2016 = 100),AG.PRD.LVSK.XD,,11.19,11.63,12.46,12.62,13.85,14.37,15.13,15.52,12.78,13.62,17.29,17.77,22.26,20.65,19.73,23.85,23.83,23.75,25.89,27.35,28.31,28,36.75,38.01,38.01,40.79,41.8,42.32,27.54,43.08,43.72,48.08,34.61,44.85,46.71,47.57,46.94,46.66,51.2,51.8,75.37,80.4,82.27,86.56,77.87,77.61,76.08,74.73,76.95,79.11,79.2,82.89,92.4,95.44,101.47,103.09,105.23,110.14,111.94,102.38,107.63,
Bermuda,BMU,Livestock production index (2014-2016 = 100),AG.PRD.LVSK.XD,,,,,,,,,,,,,,,,,,,,,,,,,,,,,,,,,,,,,,,,,,,,,,,,,,,,,,,,,,,,,,,
Bolivia,BOL,Livestock production index (2014-2016 = 100),AG.PRD.LVSK.XD,,14.23,14.65,14.9,14.85,15.29,16.04,16.34,16.48,17.12,19.76,20.21,22.51,23.17,23.72,25.26,26.28,27.46,27.95,29.57,34.2,33.17,33.35,34.11,32.36,34.4,33.13,34.71,37.44,39.26,44.66,41.29,41.24,42.85,46.03,48.09,49.6,51.12,53.77,54.57,55.46,56.97,59.26,61.14,64.4,68.8,75.94,86.56,89.29,79.54,83.54,85.81,90.64,93.59,95.81,100.86,103.33,110.56,111.35,112.65,112.59,116.95,
Brazil,BRA,Livestock production index (2014-2016 = 100),AG.PRD.LVSK.XD,,10.95,11.16,11.28,12.1,12.77,12.8,13.1,14.34,15.07,15.41,15.3,16.76,17.59,17.42,18.66,20.23,20.44,21.51,22.8,25.28,26.12,26.44,27.34,27.97,28.82,30.09,32.08,34.09,35.21,35.67,38.97,40.94,42.34,44.81,49.35,52.72,52.89,53.79,58.4,61,63.21,67.29,70.14,75.38,77.62,80.83,84.45,87.1,86.82,90.66,92.7,94.29,97.98,99.94,100.23,99.83,102.87,105.06,107.56,108.27,108.75,
Barbados,BRB,Livestock production index (2014-2016 = 100),AG.PRD.LVSK.XD,,23.48,23.09,24.71,25.79,25.07,25.95,26.44,27.43,31.51,34.23,38.3,40.7,45.01,49.44,49.65,52.72,56.44,64.7,66.41,69.49,72.55,75.4,69.44,70.98,68.03,72.71,79.52,81.8,95.02,94.38,92.06,80.72,77.6,73.87,80.28,92.63,86.42,86.2,84.52,78.95,80.88,76.9,83.33,89.17,95.06,90.56,97.67,94.6,96.23,95.41,94.93,94.95,91.52,94.54,103.7,101.76,102.71,105.98,107.63,86.01,89.16,
Brunei Darussalam,BRN,Livestock production index (2014-2016 = 100),AG.PRD.LVSK.XD,,4.66,7.77,7.12,5.73,4.63,5.09,4.98,5.7,6.54,7.38,8.34,6.56,7.16,10.47,9.12,10.24,11.13,9.8,10.95,14.65,16.44,18.06,18.7,20.02,30.79,23.89,16.71,13.37,16.46,12.27,14.71,23,22.66,24.44,24.43,19.55,28.24,34.62,44.16,50.11,59.15,66.66,64.5,60.43,41.94,78.06,82.34,85.06,85.2,89.42,96.67,98.59,107.37,99.77,97,103.23,99.38,102.71,100.66,109.06,119.99,
Bhutan,BTN,Livestock production index (2014-2016 = 100),AG.PRD.LVSK.XD,,67.41,72.36,76.97,79.02,81.05,82.26,84.63,86.2,88.86,91.13,93.24,95.44,97.2,100.05,102.9,106.05,108.43,111.25,113,116.98,119.91,124.16,129.3,134.31,139.31,136.08,141.11,142.41,147.66,156.76,17.69,15.23,15.75,16.42,18.35,20.69,25.18,29.2,28.81,24.95,25.5,22.92,21.65,23.74,21.92,56.22,54.81,61.68,64.97,66.84,70.67,85.2,79.58,85.01,98.64,116.35,129.16,135.36,146.72,157.53,146.21,
Botswana,BWA,Livestock production index (2014-2016 = 100),AG.PRD.LVSK.XD,,39.78,44.68,49.35,55.3,54.7,55.66,55.77,55.69,55.48,64.01,64.09,65.31,63.87,60.97,61.03,65.96,64.26,52.08,71.43,50.74,66.16,71.87,66.74,75.7,72.16,70.78,62.39,62.64,66.23,73.11,118.35,110.24,102.98,98.99,120.26,106.21,103.58,100.06,89.66,100.8,107.63,92.75,92.85,103.93,108.3,106.77,108.74,113.54,120.42,131.71,134.41,134.5,121.06,100.97,105.56,93.47,91.88,89.87,98.55,88.5,99.51,
Central African Republic,CAF,Livestock production index (2014-2016 = 100),AG.PRD.LVSK.XD,,10,10.32,10.67,10.85,11.37,11.41,12.61,12.02,13.28,14.13,14.95,15.11,15.73,16.54,17.89,17.57,18.9,20.68,20.03,22.73,24.22,26.1,28.78,29.32,31.79,33.18,38.66,41.15,42.11,42.75,44.38,46.43,47.16,48.2,51.46,60.28,54.71,55.86,56.44,67.92,68.28,70.39,69.06,74.34,76.43,78.59,83.48,84.59,86.64,90.53,96.05,97.35,99.29,99.85,99.82,100.33,103.2,105.51,105.58,107.53,109.2,
Canada,CAN,Livestock production index (2014-2016 = 100),AG.PRD.LVSK.XD,,57.24,57.01,57.6,60.04,64.53,63.94,63.82,65.58,64.53,66.6,66.41,67.19,65.77,66.29,68.47,72.45,73.39,71.86,69.5,72.82,73.26,75.87,75.25,76.8,78.32,77,76.37,80.44,80.64,82.23,72.39,74.06,72.98,76.38,78.49,80.81,83.88,89.37,94.62,96.42,98.43,100.6,97.83,106.89,106.4,103.24,101.87,103.61,101.79,100.37,92.6,90.46,89.79,97.42,99,103.58,108.98,112.71,115.99,117.06,120.86,
Central Europe and the Baltics,CEB,Livestock production index (2014-2016 = 100),AG.PRD.LVSK.XD,,,,,,,,,,,,,,,,,,,,,,,,,,,,,,,,,,,,,,,,,,,,,,,,,,,,,,,,,,,,,,,
Switzerland,CHE,Livestock production index (2014-2016 = 100),AG.PRD.LVSK.XD,,68.59,70.43,70.18,69.19,71.33,72.89,75.7,79.53,77.87,79.81,79.55,80.27,82.3,86,85.47,89.17,90.24,90.34,94.24,96.7,94.39,96.27,95.97,98.45,99.82,100.33,98.85,95.93,98.55,98.53,99.71,97.61,95.87,93.22,95.42,93.4,91.88,93.6,93.07,90.23,93.32,93.94,93.06,93.12,93.87,94.52,95.15,97.14,98.58,99.96,101.01,100.11,98.87,100.4,100.28,99.33,98.23,99.98,97.07,97.67,98.34,
Channel Islands,CHI,Livestock production index (2014-2016 = 100),AG.PRD.LVSK.XD,,,,,,,,,,,,,,,,,,,,,,,,,,,,,,,,,,,,,,,,,,,,,,,,,,,,,,,,,,,,,,,
Chile,CHL,Livestock production index (2014-2016 = 100),AG.PRD.LVSK.XD,,24.41,25.88,27.26,25.29,27.63,29.52,29.9,33.35,34.16,35.45,30.64,25.22,25.01,35.25,38.14,36.18,34.37,34.16,35.88,38.2,42.38,41.72,40.49,38.9,38.38,39.91,41.32,43.98,47.67,51.85,52.09,53.12,58.42,63.28,67.38,69.37,72.39,74.78,72.99,75.29,79.96,78.79,78.96,84.43,87.86,96.29,97.27,100.69,96.33,96.88,99.67,104.06,99.06,99.12,100.47,100.41,96.26,101.81,102.45,106.86,105.59,
China,CHN,Livestock production index (2014-2016 = 100),AG.PRD.LVSK.XD,,3.33,3.74,5.02,6.05,6.74,7.23,7.54,7.53,7.48,7.51,8.42,9.17,9.34,9.43,9.77,9.75,9.9,10.68,12.49,13.97,14.55,15.54,16.19,18.62,20.4,21.61,23.7,26.48,28,30.27,33.75,37.06,41.56,47.28,54.54,53.5,58.36,63.25,66.8,68.08,69.41,71.34,74.54,77.28,81.31,83.26,82.84,87.11,90.25,92.48,92.85,96.45,97.34,99.17,100.66,100.17,99.99,100.49,96.97,98.27,108.02,
Cote d'Ivoire,CIV,Livestock production index (2014-2016 = 100),AG.PRD.LVSK.XD,,22.06,22.28,22.65,26.43,26.74,27.07,29.32,29.92,30.34,30.69,32.7,33.24,33.93,36.55,37.33,38.12,40.86,42.29,42.84,44.99,48.72,50.24,52.39,53.39,52.46,55.23,55.37,57.51,59.45,62.33,61.37,62.67,64.06,61.47,61.81,60.13,64.33,64.96,65.86,67.65,69.28,70.82,72.57,76.08,76.34,77.56,80.13,83.41,87.03,90.41,89.67,94.44,101.98,98.17,99.32,102.51,107.77,112.22,113.17,114.69,117.08,
Cameroon,CMR,Livestock production index (2014-2016 = 100),AG.PRD.LVSK.XD,,22.18,22.11,22.8,21.89,22.98,24.72,26.06,27.31,27.54,30.47,32.34,33.45,32.91,33.16,33.85,36,37.78,39.35,40.46,40.95,39.78,41.47,42.39,48.28,49.59,52.4,56.31,61.16,63.51,66.68,68.66,68.83,70.43,68.54,69.87,73.9,70.98,74.56,80.5,80.24,83.8,80.93,81.12,88.03,89.96,92.42,94.06,100.74,99.81,94.91,97.25,92.02,99.58,99.23,100.32,100.45,99.77,100.03,100.24,100.45,100.67,
"Congo, Dem. Rep.",COD,Livestock production index (2014-2016 = 100),AG.PRD.LVSK.XD,,74.48,74.53,74.38,75.55,70.2,70.35,71.13,71.53,72.15,73.95,68.53,68.54,74.33,74.88,75.2,75.92,76.09,74.56,75.74,75.9,76.86,77.86,79.29,81.09,82.88,85.85,89.22,91.64,94.84,94.45,91.38,95.25,96.41,97.68,95.36,96.16,98.65,99.19,96.47,95.45,94.12,92.5,92.7,92.99,93.8,93.21,93.35,93.64,95.66,95.85,97.89,97.94,98.17,98.93,100.25,100.82,101.25,102.31,100.95,104.23,106.4,
"Congo, Rep.",COG,Livestock production index (2014-2016 = 100),AG.PRD.LVSK.XD,,15.75,16.14,16.81,16.99,16.9,16.92,16.62,17.22,17.94,18.52,19.69,19.93,19.95,20.2,20.78,22.23,22.29,24.93,26,25.76,26.65,27.54,28.28,28.42,29.3,30.4,30.91,31.14,30.94,31.88,32.83,33.45,34.48,34.93,35.75,36.15,37.47,40.46,41.57,42.8,44.26,45.93,49.84,54.61,62.67,68.32,73.8,79.17,82.18,89.8,99.59,102.74,98.38,92.96,107.51,99.54,102.55,103.27,106.52,107.59,109.92,
Colombia,COL,Livestock production index (2014-2016 = 100),AG.PRD.LVSK.XD,,23.66,25.27,26,26.77,27.66,26.41,26.51,27.2,28.3,30.26,32.8,31.71,30.88,32.47,35.13,38.84,38.79,38.45,40.74,40.54,43.05,43.05,40.2,42.4,43.02,44.3,44.95,49.35,53.15,57.21,57.94,54.66,56.7,59.83,65.05,65.4,66.95,68.85,67.42,70.61,71.3,72.17,72.44,75.32,79.23,84.84,87.13,94.27,86.04,85.71,89.04,94.35,96.72,98.52,101.26,100.22,104.93,107.22,106.81,107.17,108.91,
Comoros,COM,Livestock production index (2014-2016 = 100),AG.PRD.LVSK.XD,,37.8,40.28,42.71,45.16,47.59,49.99,49.62,51.68,52.49,52.48,54.64,60.09,64.23,66.59,68.63,71.57,73.55,76.13,65.83,65,64.26,64.09,63.64,63.84,62.8,60.57,62.76,64.85,66.07,63.1,86.19,87.79,89.84,91.77,91.4,91.98,89.83,91.89,95.64,91.28,95.82,98.34,89.44,90.66,91.4,93.38,96.2,97.32,99.86,101.76,103.23,103.49,106.42,100.72,99.84,99.44,99.53,97.48,99.03,103.89,98.22,
Cabo Verde,CPV,Livestock production index (2014-2016 = 100),AG.PRD.LVSK.XD,,14.51,14.59,16.03,17.11,18.32,19.41,19.65,20.9,21.44,22.13,22.5,21.98,22,19.55,20.01,20.26,22.31,24.11,24.62,26.28,30.65,40.96,31.74,31.15,40.25,46.11,52.14,64.94,63.97,66.99,71.38,104.62,107.65,87.95,116.96,84.1,98.98,114.57,115.81,108.27,98.45,96.61,91.97,100.5,102.78,96.07,96.62,93.05,105.36,100.73,92.18,94.27,97.27,97.47,99.81,102.72,92.61,87.28,92.92,98.53,99.87,
Costa Rica,CRI,Livestock production index (2014-2016 = 100),AG.PRD.LVSK.XD,,16.82,16.11,18.7,19.94,19.47,17.72,19.15,21.97,23.18,24.83,26.7,27.6,27.79,29.59,36.69,42.18,43.55,41.13,44.59,43.29,44.57,39.56,41.24,44.11,51.8,51.61,54.13,53.25,54.56,58.21,62.26,59.14,59.01,65.78,70.32,70.24,67.78,68.62,73.64,73.63,73.25,72.44,74.38,74.47,80.12,81.07,87.07,90.95,94.68,97.5,97.51,97.1,98.36,100.41,100.4,99.2,102.78,105.77,111.08,111.54,113.16,
Caribbean small states,CSS,Livestock production index (2014-2016 = 100),AG.PRD.LVSK.XD,,,,,,,,,,,,,,,,,,,,,,,,,,,,,,,,,,,,,,,,,,,,,,,,,,,,,,,,,,,,,,,
Cuba,CUB,Livestock production index (2014-2016 = 100),AG.PRD.LVSK.XD,,69.92,74.11,77.61,83.26,87.28,90.27,94.81,115.49,114.72,110.7,107.5,108.06,101.94,95.02,89.97,102.57,112.43,112.35,111.05,114.1,120.68,116.88,121.16,124.15,125.73,127.74,125.58,126.88,128.67,126.57,103.1,81.97,76.57,79.93,79.16,81.51,75.08,77.74,82.38,81.95,77.79,74.25,72.46,69.77,65.51,68.66,83.53,90.41,91.62,91.09,93.97,92.43,96.01,98.02,95.73,106.25,105.15,105.44,104.21,81.64,78.61,
Curacao,CUW,Livestock production index (2014-2016 = 100),AG.PRD.LVSK.XD,,,,,,,,,,,,,,,,,,,,,,,,,,,,,,,,,,,,,,,,,,,,,,,,,,,,,,,,,,,,,,,
Cayman Islands,CYM,Livestock production index (2014-2016 = 100),AG.PRD.LVSK.XD,,,,,,,,,,,,,,,,,,,,,,,,,,,,,,,,,,,,,,,,,,,,,,,,,,,,,,,,,,,,,,,
Cyprus,CYP,Livestock production index (2014-2016 = 100),AG.PRD.LVSK.XD,,20.64,21.6,22.88,23.59,26.31,31.17,34.32,37.81,43.8,47.75,54.1,56.83,59.69,45.25,30.77,35.32,38.11,43.13,44.19,44.66,47.7,51.77,55.88,61.46,64.34,68.45,73.06,75.77,79.15,80.38,80.51,83.13,91.56,97.03,102.52,104.98,107.17,109.18,113.55,117,119.02,123.38,119.58,115.42,111.7,104.01,106.35,112.75,106.76,105.43,108.09,105.85,99.61,95.66,99.64,104.7,109.56,110.9,115.62,116.88,126.5,
Czechia,CZE,Livestock production index (2014-2016 = 100),AG.PRD.LVSK.XD,,,,,,,,,,,,,,,,,,,,,,,,,,,,,,,,,,164.2,140.29,142.76,141.24,134.16,136.94,132.45,127.12,128.27,123.86,121.62,119.73,116.58,113.38,118.4,109.84,103.85,99.52,98.11,93.6,95.54,97.89,100.26,101.85,101.12,99.97,100.42,102.93,104.64,
Germany,DEU,Livestock production index (2014-2016 = 100),AG.PRD.LVSK.XD,,70.39,71.69,74.02,75.81,76.47,80.06,83.31,85.75,86.76,88.35,89.19,88.53,89.22,93.08,94.47,95.23,95.42,99.35,101.57,104.45,104.92,103.22,106.91,108.91,109.42,114.42,111.17,107.9,107.71,107.86,99.51,91.17,88.94,86.09,87.33,88.19,88.41,88.32,90.12,88.63,89.82,88.83,89.03,90.15,89.59,89.83,91.92,93.83,94.69,96.52,98.28,96.98,97.68,99.84,100.44,99.72,98.89,98.47,98.07,98.48,97.05,
Djibouti,DJI,Livestock production index (2014-2016 = 100),AG.PRD.LVSK.XD,,32.28,33.2,34.37,35.05,35.5,37.92,39.37,41.9,44.67,46.16,47.98,50.03,49.64,52.41,53.58,59.36,57.83,60.53,76.63,89.9,82.89,81.52,97.42,106.33,124.79,133.34,137.55,144.88,173.7,164.59,95.58,95.6,97.51,100.63,99.06,101.38,102.52,104.32,109.96,127.82,128.54,128.6,128.7,105.91,121.43,93.29,127.51,128.65,128.75,128.76,129.52,130.49,129.9,104.19,77.91,117.9,127.85,128.6,129.2,129.69,130,
Dominica,DMA,Livestock production index (2014-2016 = 100),AG.PRD.LVSK.XD,,30.32,30,29.31,29.44,28.95,28.61,29.31,29.31,30.65,30.55,30.89,31.35,32.43,33.2,35.87,38.95,41.84,43.92,46.54,49.36,51.39,54.38,56.88,58.73,65.66,73.12,83.48,84.12,88.79,88.51,89.92,87.95,92.63,94.01,90.84,96.24,96.41,96.23,97.99,98.47,98.74,98.47,98.74,98.06,98.19,95.83,97.71,97.83,97.94,102.6,103.35,107.19,101.45,100.87,99.6,99.54,99.4,100.57,100.65,103.25,103.6,
Denmark,DNK,Livestock production index (2014-2016 = 100),AG.PRD.LVSK.XD,,78.12,78.73,77.93,77.33,79.8,79.22,78.73,77.68,74.77,71.94,72.26,71.43,73.44,76.63,76.68,77.38,78.9,81.66,85.16,86.08,85.58,86.23,90.13,88.87,88.9,91.38,89.09,87.86,87.38,88.67,90.82,93.17,97.03,96.8,97.11,96.69,96.93,100.12,100.37,99.92,102.3,103.81,103.81,104.68,103.1,100.96,102.91,100.51,96.91,101,102.65,101.28,99.05,99.34,99.89,100.77,99.58,101.46,98.98,102.45,106.34,
Dominican Republic,DOM,Livestock production index (2014-2016 = 100),AG.PRD.LVSK.XD,,16.58,16.39,16.29,16.82,16.91,17.73,18.65,20.67,21.66,22.06,23.9,25.72,27.11,27.35,27.15,29.4,30.28,31.1,34.39,35.6,35.5,36.06,38.41,38.85,40.6,40.13,41.16,44.92,47.67,50.64,48.84,53.12,54.38,51.63,56.25,59.25,53.78,58.99,61.73,66.98,81.75,81.54,74.23,76.41,89.57,98.41,105.06,99.88,101.75,94.97,96.5,90.52,95.08,94.6,101.17,104.23,99.42,104.32,108.67,104.93,106.75,
Algeria,DZA,Livestock production index (2014-2016 = 100),AG.PRD.LVSK.XD,,10.59,9.81,8.96,10.22,11.35,11.99,12.72,14.26,14.81,14.86,16.14,16.93,17.62,18.58,19.14,20.01,20.84,21.07,22.13,23.46,24.27,27.48,29.37,30.37,32.05,32.22,35.75,38.23,40.44,43.56,43.27,45.13,47.64,48.53,49.87,50.41,49.56,52.15,52.04,59.01,57.51,59.8,61.04,64.95,66.91,70.16,70.04,70.23,74.56,78.96,86.07,91.42,96.37,100.61,97.56,101.83,100.15,96.2,95.95,96.53,96.73,
East Asia & Pacific (excluding high income),EAP,Livestock production index (2014-2016 = 100),AG.PRD.LVSK.XD,,,,,,,,,,,,,,,,,,,,,,,,,,,,,,,,,,,,,,,,,,,,,,,,,,,,,,,,,,,,,,,
Early-demographic dividend,EAR,Livestock production index (2014-2016 = 100),AG.PRD.LVSK.XD,,,,,,,,,,,,,,,,,,,,,,,,,,,,,,,,,,,,,,,,,,,,,,,,,,,,,,,,,,,,,,,
East Asia & Pacific,EAS,Livestock production index (2014-2016 = 100),AG.PRD.LVSK.XD,,,,,,,,,,,,,,,,,,,,,,,,,,,,,,,,,,,,,,,,,,,,,,,,,,,,,,,,,,,,,,,
Europe & Central Asia (excluding high income),ECA,Livestock production index (2014-2016 = 100),AG.PRD.LVSK.XD,,,,,,,,,,,,,,,,,,,,,,,,,,,,,,,,,,,,,,,,,,,,,,,,,,,,,,,,,,,,,,,
Europe & Central Asia,ECS,Livestock production index (2014-2016 = 100),AG.PRD.LVSK.XD,,,,,,,,,,,,,,,,,,,,,,,,,,,,,,,,,,,,,,,,,,,,,,,,,,,,,,,,,,,,,,,
Ecuador,ECU,Livestock production index (2014-2016 = 100),AG.PRD.LVSK.XD,,14.66,15.13,15.58,16.15,16.79,17.64,18.22,19.32,20.04,21.48,20.81,21.51,22.18,23.64,24.37,25.22,26.51,28.81,30.38,29.28,29.62,52.99,47.74,50.11,46.34,48.28,47.49,53.51,56.91,38.16,41.02,41.96,44.73,47.87,52.47,56.91,62.64,59.54,63.23,68.31,73.77,73.91,74.8,77.05,76.19,85.01,89.61,95.12,90.54,95.92,100.26,97.43,103.96,105.64,98.74,95.62,100.03,101.57,105.72,101.64,100.54,
"Egypt, Arab Rep.",EGY,Livestock production index (2014-2016 = 100),AG.PRD.LVSK.XD,,10.29,10.64,10.46,10.6,10.8,11.12,11.58,13.35,13.68,14.02,14.45,14.72,14.84,15.11,15.21,15.71,15.79,16.04,16.16,16.26,17.3,19.11,20.68,21.73,22.36,22.65,22.87,23.94,23.67,39.84,47.55,49.94,51.36,53.44,55.53,57.77,62.76,62.81,64.8,66.01,67.34,77.78,83.39,79.67,83.85,87.04,94.11,95.87,94.2,96.36,97.89,101.17,102.19,102.59,99.65,97.76,102.48,98.96,99.78,108.84,107.51,
Euro area,EMU,Livestock production index (2014-2016 = 100),AG.PRD.LVSK.XD,,,,,,,,,,,,,,,,,,,,,,,,,,,,,,,,,,,,,,,,,,,,,,,,,,,,,,,,,,,,,,,
Eritrea,ERI,Livestock production index (2014-2016 = 100),AG.PRD.LVSK.XD,,,,,,,,,,,,,,,,,,,,,,,,,,,,,,,,,,54.24,57.72,59.19,65.04,66.27,72.35,73.44,75.78,75.98,75.02,81.49,83.85,85.95,90.43,98.6,89.47,99.09,100.27,101.81,102.68,100.7,99.85,99.15,101,104.9,105.77,106.28,106.79,107.65,
Spain,ESP,Livestock production index (2014-2016 = 100),AG.PRD.LVSK.XD,,23.11,23.44,26.67,28.69,27.3,31.12,31.87,33.42,35.29,39.18,39.01,40.18,43.71,47.12,47.82,49.6,51.8,52.23,53.87,59.2,60.97,62.61,62.89,63.17,62.64,62.17,64.14,67.12,65.81,68.6,71.38,70.87,70.75,70.32,72.1,75.3,77.22,84.72,85.9,87.03,90.23,92.95,94.9,92.74,90.95,91.54,91.91,94.3,89.01,91.55,94.77,94.13,90.88,94.48,99.81,105.71,106.96,110.3,114.22,118.18,119.68,
Estonia,EST,Livestock production index (2014-2016 = 100),AG.PRD.LVSK.XD,,,,,,,,,,,,,,,,,,,,,,,,,,,,,,,,,141.7,120.33,107.05,98.63,89.91,89.8,92.9,86.19,80.92,86.21,85.58,83.23,88.88,87.64,91.06,91.19,92.06,91.13,90.48,93.09,95.06,99.77,98.52,101.64,99.84,96.13,95.83,95.47,95.58,95.03,
Ethiopia,ETH,Livestock production index (2014-2016 = 100),AG.PRD.LVSK.XD,,,,,,,,,,,,,,,,,,,,,,,,,,,,,,,,,,44.13,44.45,45.2,49.15,49.71,50.76,52.26,52.06,53.14,75.32,75.42,77.21,75.29,81.87,85.4,94.46,88.53,107.54,97.98,96.77,95.05,98.82,101.5,99.68,105.88,107.46,115.78,126.9,121.95,
European Union,EUU,Livestock production index (2014-2016 = 100),AG.PRD.LVSK.XD,,,,,,,,,,,,,,,,,,,,,,,,,,,,,,,,,,,,,,,,,,,,,,,,,,,,,,,,,,,,,,,
Fragile and conflict affected situations,FCS,Livestock production index (2014-2016 = 100),AG.PRD.LVSK.XD,,,,,,,,,,,,,,,,,,,,,,,,,,,,,,,,,,,,,,,,,,,,,,,,,,,,,,,,,,,,,,,
Finland,FIN,Livestock production index (2014-2016 = 100),AG.PRD.LVSK.XD,,96.72,100.17,104.3,107.92,106.6,103.47,103.81,103.3,108.44,103.81,107.05,106.1,102.14,105.31,104.88,108.56,106.66,107.17,109.31,111.64,112.89,112.08,113.99,114.87,112.77,112.23,110.92,103.84,103.69,106.83,101.77,98.94,95.88,97.84,94.68,94.37,96.54,96.04,94.63,94.74,97.47,99.59,100.67,100.6,99.5,99.64,99.62,98.15,96.58,96.48,96.34,95.32,96.84,98.1,100.7,101.2,100.28,99.61,99.94,101.47,101.57,
Fiji,FJI,Livestock production index (2014-2016 = 100),AG.PRD.LVSK.XD,,33.33,35.13,37.61,46.7,45.39,47.52,50.07,51.02,58.12,59.91,65.43,59.81,65.21,64.9,67.18,67.99,76,80.49,86.27,92.27,96.73,94.28,95.55,96.35,102.77,110.05,110.94,112.43,118.71,125.96,84.04,71.32,82.49,90.72,91.77,93,96.31,93.58,92.92,91.19,92.77,95.42,89.21,98.5,100.77,104.86,106.73,107.25,68.45,80.62,95.99,102.45,90.43,108.3,112.4,79.3,142.51,146.37,141.44,113.23,123.5,
France,FRA,Livestock production index (2014-2016 = 100),AG.PRD.LVSK.XD,,73.72,74.06,74.59,73.52,76.87,77.77,82.13,84.63,83.04,84.15,86.72,87.21,88.39,94.24,94.23,95.91,94.18,96.35,102.04,104.48,106.28,106.2,107.06,109.79,107.59,108.58,109,107.42,105.09,106.65,107.32,105.36,104.94,106.52,109.05,111.38,112.62,112.12,109.31,103.28,104.21,105.22,103.26,101.4,100.93,96,97.21,99.42,97.83,99.43,101.15,98.64,96.66,99.19,100.2,100.61,99.19,98.74,97.77,98.29,97.18,
Faroe Islands,FRO,Livestock production index (2014-2016 = 100),AG.PRD.LVSK.XD,,,,,,,86.89,84.95,84.83,82.42,72.84,82.11,86.29,86.02,89.06,89.29,89.09,88.16,62.58,84.1,85.03,85.03,85.03,79.95,85.47,85.87,86.68,88.6,88.98,89.05,89.13,90.36,90.74,92.34,93.26,93.53,92.64,93.36,92.63,92.65,93.43,93.72,93.92,93.97,93.71,92.6,91.28,93.17,92.87,92.87,92.87,95.44,95.44,98.84,99.76,99.51,100.74,101.55,100.87,101.16,93.32,91.27,
"Micronesia, Fed. Sts.",FSM,Livestock production index (2014-2016 = 100),AG.PRD.LVSK.XD,,,,,,,,,,,,,,,,,,,,,,,,,,,,,,,,85.27,85.35,85.27,85.64,93.07,94.01,94.02,94.04,94.05,94.07,94.08,94.04,94.11,94.12,94.12,90.46,96.65,85.49,93.75,91.36,97.18,92.71,98.74,98.47,100.2,101.34,103.34,103.68,104.77,105.76,106.74,
Gabon,GAB,Livestock production index (2014-2016 = 100),AG.PRD.LVSK.XD,,43.11,45.75,48.4,50.94,52.4,53.89,54.02,54.32,54.14,54.38,54.71,55.19,55.66,56.2,54.41,55.98,57.01,58.41,58.32,58.24,58.34,58.35,58.87,60.08,60.9,62.52,63.17,64.13,64.84,66.48,67.02,69.37,71.43,71.93,74.36,75.58,78.31,80.43,81.9,83.68,84.52,85.54,86.29,87.38,87.77,86.14,87.93,89.07,90.56,92.36,92.96,92.49,97.89,98.81,100.68,100.52,101.22,103.47,102.81,103.88,105.1,
United Kingdom,GBR,Livestock production index (2014-2016 = 100),AG.PRD.LVSK.XD,,74.05,75.08,74.46,74.17,76.08,76.41,77.69,77.99,77.93,81.88,81.82,85.17,85.1,89.28,90.16,89.62,90.64,93.05,95.74,97.49,95.88,97.09,100.13,98.97,100.04,98.24,99.51,96.37,97.81,99.82,98.37,100.08,99.09,101.93,102.88,95.56,95.84,97.86,96.75,93.85,89.1,91.64,91.32,90.97,92.24,93.09,92.92,91.53,90.51,94.08,95.13,93.84,94.7,98.65,100.47,100.89,102.53,104.34,104.95,105.73,104.5,
Georgia,GEO,Livestock production index (2014-2016 = 100),AG.PRD.LVSK.XD,,,,,,,,,,,,,,,,,,,,,,,,,,,,,,,,,109.34,103.7,112.27,124.16,132.43,139.46,130.42,129.32,132.67,138.1,144.04,148.37,145.68,146.61,112.3,112.27,103.66,95.02,99.56,92.57,87.7,93.87,99.33,102.82,97.85,99.13,104.95,103.51,102.28,104.46,
Ghana,GHA,Livestock production index (2014-2016 = 100),AG.PRD.LVSK.XD,,18.33,19.1,19.8,22.01,23.06,24.38,25.14,26.57,28.23,28.69,29.02,31.08,30.93,31.69,32.8,32.36,34.89,36.6,38.2,40.57,42.11,44.57,47.87,47.6,47.65,47.62,49.01,49.35,50.89,51.36,52.73,52.35,52.91,53.85,52,53.62,52.82,52.66,54.95,60.28,60.21,61.17,66.31,64.89,67.49,70.2,74.56,81.82,81.68,85.04,87.83,91.4,94.76,96.98,102.61,100.42,105.49,111.94,111.77,114.24,117.4,
Gibraltar,GIB,Livestock production index (2014-2016 = 100),AG.PRD.LVSK.XD,,,,,,,,,,,,,,,,,,,,,,,,,,,,,,,,,,,,,,,,,,,,,,,,,,,,,,,,,,,,,,,
Guinea,GIN,Livestock production index (2014-2016 = 100),AG.PRD.LVSK.XD,,15.35,15.77,16.28,16.78,17.23,17.91,17.42,17.7,16.9,17.12,17.17,17.42,18.32,18.96,19.64,19.9,20.11,20.36,20.52,20.74,20.91,21.02,21.47,21.33,19.14,15.89,17.97,20.86,21.43,23.12,24.79,26.25,27.97,30.11,35.87,37.5,39.19,41.1,43.05,44.22,45.14,46.89,49.34,52.26,55.13,59.46,62.58,66.26,69.92,78.83,83.59,87.69,92.85,95.85,99.02,105.13,111.43,115.25,121.45,136.31,128.6,
"Gambia, The",GMB,Livestock production index (2014-2016 = 100),AG.PRD.LVSK.XD,,24.02,25.22,26.62,27.73,28.98,30.42,31.77,33.38,34.94,36.97,38.17,40.24,40.25,39.88,40.18,40.26,39.33,39.28,39.4,39.55,39.04,39.03,39.03,38.41,39.6,39.79,40.78,41.2,41.91,40.74,70.57,71.78,72.45,73.34,73.21,72.42,73.55,73.53,74.11,74.78,75.88,78.57,86.41,88.96,89.52,90.71,93.09,94.52,97.26,95.49,94.06,95.29,94.49,98.77,101.45,99.78,95.31,99.42,100.33,99.85,100.2,
Guinea-Bissau,GNB,Livestock production index (2014-2016 = 100),AG.PRD.LVSK.XD,,26.98,26.97,26.98,27.03,27.03,27.16,27.18,27.14,27.26,27.45,28.08,29.62,30.18,31.04,32.23,33.34,34.98,36.3,37.46,38.47,39.75,40.96,41.65,42.57,43.26,44.4,45.81,47.22,48.3,49.71,56.97,59.17,60.77,60.7,61.83,63.77,65.88,67.06,68.58,69.17,69.91,70.18,75.32,75.07,77.23,79.81,82.59,90.45,90.61,94.99,98.3,100.35,103.88,101.87,98.88,99.25,102.41,101.63,102.56,103.39,104.25,
Equatorial Guinea,GNQ,Livestock production index (2014-2016 = 100),AG.PRD.LVSK.XD,,40.49,42.66,42.42,43.34,45.68,45.22,45.65,46.16,49.85,50.8,51.74,54.24,54.94,55.35,58.13,58.7,59.21,60.93,61.2,61.76,64.81,66.97,67.3,68.74,70.31,71.75,73.43,75.11,76.79,79.27,80.95,82.63,84.31,91.57,92.94,94.18,95.55,96.79,98.56,99.49,100.11,102.27,102.17,107.16,111.27,103.84,101.87,106.01,106.03,115.04,115.6,117.29,87.78,100.25,105.64,94.1,99.23,91.54,100.24,112.68,99.61,
Greece,GRC,Livestock production index (2014-2016 = 100),AG.PRD.LVSK.XD,,47.96,52.78,56.28,57.89,61.29,66.67,69.81,68.49,75.49,79.43,82.33,86.58,92.36,102.88,108.13,109.94,108.53,109.8,112.4,112.26,110.66,110.62,109.51,110.17,108.18,107.89,110.43,111.97,112.41,112.97,111.79,111.7,113,112.85,115.88,114.86,109.6,108.98,106.3,109.98,110.14,111.16,115.41,111.48,114.22,111.45,107.62,110.37,110.72,110.17,109.08,108.5,113.9,101.34,99.74,98.93,96.79,93.79,94.04,96.64,97.23,
Grenada,GRD,Livestock production index (2014-2016 = 100),AG.PRD.LVSK.XD,,66.57,73.3,76.47,79.74,84.03,90.29,78.83,86.87,90.87,92.01,88.37,85.05,88.9,89.83,86.42,81.41,82.11,81.87,78.57,78.46,82.87,79.83,78.22,74.21,75.12,75.58,74.32,73.56,74.05,78.07,77.82,74.13,72.78,79.85,82.83,77.95,73.43,70.28,77.25,76.13,80.11,88.29,88.41,86.56,85.86,112.96,106.44,101.15,103.99,99.86,100.23,100.01,94.15,99.18,95.98,104.84,101.51,119.76,128.82,141.89,142.11,
Greenland,GRL,Livestock production index (2014-2016 = 100),AG.PRD.LVSK.XD,,,,,,,,,,,,,,,,,,,,,,,,,,,,,,,,,,,,,,,,,,,,,,,,,,,,,,,,,,,,,,,
Guatemala,GTM,Livestock production index (2014-2016 = 100),AG.PRD.LVSK.XD,,15.38,15.45,16.69,16.99,16.74,16.15,17.75,19.84,20.83,22.31,23.92,24.78,24.51,23.65,24.73,25.74,26.69,26.12,23.97,25.7,25.6,26.15,28.24,29.24,27.81,25.48,28.07,30.37,33.19,34.33,30.21,29.83,32.56,34.61,36.55,37.91,40.61,40.05,39.9,40.32,45.66,51.44,51.08,51.68,52.48,55.75,58.41,59.32,65.17,67.12,70.65,76.05,78.94,97.09,99.75,103.16,105.96,108.82,107.52,120.6,114.05,
Guam,GUM,Livestock production index (2014-2016 = 100),AG.PRD.LVSK.XD,,,,,,,,,,,,,,,,,,,,,,,,,,,,,,,,,,,,,,,,,,,,,,,,,,,,,,,,,,,,,,,
Guyana,GUY,Livestock production index (2014-2016 = 100),AG.PRD.LVSK.XD,,28.52,29.62,30.26,33.6,36.21,37.9,38.82,43.56,48.16,48.84,51.8,54.25,57.11,52.8,56.44,59.27,58.62,54.09,46.53,47.33,46.57,38.21,29.04,27.56,25.82,27.29,30.75,33.56,30.75,29.62,30.76,38.97,40.74,44.79,43.96,53.6,53.51,51.56,51.92,51.44,52.57,57.58,71.84,74.51,72.08,67.25,76.87,73.32,80.84,76.98,84.7,90.69,93.08,96.84,100.89,102.27,99.96,123.24,121.77,130.87,139.08,
High income,HIC,Livestock production index (2014-2016 = 100),AG.PRD.LVSK.XD,,,,,,,,,,,,,,,,,,,,,,,,,,,,,,,,,,,,,,,,,,,,,,,,,,,,,,,,,,,,,,,
"Hong Kong SAR, China",HKG,Livestock production index (2014-2016 = 100),AG.PRD.LVSK.XD,,95.16,136.42,127.35,98.7,87.33,87.81,93.51,123.07,133.95,141.88,151.86,167.63,130.18,124.63,114.55,123.1,144.64,154.66,174.08,90.37,196.43,191.63,189.14,177.71,192.27,169.45,176.56,178.98,156.27,137.99,115.98,73.96,86.58,46.38,59.82,66.97,72.65,81.75,96.87,101.82,105.92,96.13,114.26,104.97,110.09,112.68,117.75,97.42,117.95,102.09,91.76,95.28,104.61,96.3,96.19,107.51,99.7,113.38,233.68,278.14,244.78,
Honduras,HND,Livestock production index (2014-2016 = 100),AG.PRD.LVSK.XD,,19.75,20.57,20.96,20.17,20.32,20.82,23.57,25.18,25.36,26.32,30.12,31.4,32.2,29.33,31.72,33.29,33.17,41.47,29.53,42.8,44.88,38.35,33.5,34.48,35.55,32.76,40.96,43.61,44.56,47.82,49.07,50.56,49.74,65.24,63.41,70.29,68.55,70.07,69.26,70.14,69.6,76.23,82.44,86.07,90.14,92.81,96.7,103.86,91.82,90.99,94.57,96.43,95.77,96.02,100.52,103.46,105.01,106.84,108.24,104.57,112.21,
Heavily indebted poor countries (HIPC),HPC,Livestock production index (2014-2016 = 100),AG.PRD.LVSK.XD,,,,,,,,,,,,,,,,,,,,,,,,,,,,,,,,,,,,,,,,,,,,,,,,,,,,,,,,,,,,,,,
Croatia,HRV,Livestock production index (2014-2016 = 100),AG.PRD.LVSK.XD,,,,,,,,,,,,,,,,,,,,,,,,,,,,,,,,,87.49,80.07,72.79,69.14,66.32,67.04,68.18,71.96,61.76,68.75,67.46,69.38,75.48,82.39,82.87,88.47,85.5,87.52,90.01,93.11,105.56,87.74,98.38,96.4,105.22,105.02,104.72,101.45,102.39,102.37,
Haiti,HTI,Livestock production index (2014-2016 = 100),AG.PRD.LVSK.XD,,35.86,36.7,37.78,38.77,39.96,40.81,44.22,45.12,46.46,47.99,49.44,51.38,52.21,53.14,54.44,56.02,55.28,58.03,56.41,55.05,55.47,59.72,61.52,62.94,63.35,63.22,61.06,59.7,58.06,55.29,59.48,63.04,65.55,66.45,62.05,67.53,70.08,76.38,75.89,89.13,91.28,94.09,95.07,94.76,96.1,94.98,97.03,97.87,96.75,97.2,99.94,100.99,100.37,97.95,99.8,102.25,100.54,97.31,98.85,101.01,102.15,
Hungary,HUN,Livestock production index (2014-2016 = 100),AG.PRD.LVSK.XD,,99.22,100.39,101.55,100.8,104.86,103.19,106.47,116.14,114.33,118.43,129.49,131.47,130.84,139.87,148.57,142.69,154.98,160.25,165.69,169.05,170.92,181.35,185.91,188.81,182.5,178.58,184.93,184.5,182.81,183.82,152.53,137.45,123.17,113.89,112.57,116.86,113.56,116.49,116.93,124.25,118.03,122.21,114.71,108.28,101.25,97.92,98.49,98.4,96.08,89.46,92.96,91.45,88.52,96.17,101.36,102.47,100.36,103.91,103.47,100.06,104.88,
IBRD only,IBD,Livestock production index (2014-2016 = 100),AG.PRD.LVSK.XD,,,,,,,,,,,,,,,,,,,,,,,,,,,,,,,,,,,,,,,,,,,,,,,,,,,,,,,,,,,,,,,
IDA & IBRD total,IBT,Livestock production index (2014-2016 = 100),AG.PRD.LVSK.XD,,,,,,,,,,,,,,,,,,,,,,,,,,,,,,,,,,,,,,,,,,,,,,,,,,,,,,,,,,,,,,,
IDA total,IDA,Livestock production index (2014-2016 = 100),AG.PRD.LVSK.XD,,,,,,,,,,,,,,,,,,,,,,,,,,,,,,,,,,,,,,,,,,,,,,,,,,,,,,,,,,,,,,,
IDA blend,IDB,Livestock production index (2014-2016 = 100),AG.PRD.LVSK.XD,,,,,,,,,,,,,,,,,,,,,,,,,,,,,,,,,,,,,,,,,,,,,,,,,,,,,,,,,,,,,,,
Indonesia,IDN,Livestock production index (2014-2016 = 100),AG.PRD.LVSK.XD,,13.15,13.82,13.78,14.31,14.52,14.3,14.24,14.91,15.16,16.96,17.52,18.4,18.96,20.09,20.56,21.44,21.79,22.35,23.95,25.49,26.67,28.18,31.76,33.65,35.82,39.55,40.66,42.33,44.75,47.61,44.99,50.33,54.27,57.25,54.36,58,57.55,49.73,46.25,52.09,56.63,62.92,66.34,70.83,64.31,72.83,72.06,71.9,74.32,79.39,86.09,91.04,94.01,94.06,99.13,106.81,159.79,166.82,166.78,168.31,173.66,
IDA only,IDX,Livestock production index (2014-2016 = 100),AG.PRD.LVSK.XD,,,,,,,,,,,,,,,,,,,,,,,,,,,,,,,,,,,,,,,,,,,,,,,,,,,,,,,,,,,,,,,
Isle of Man,IMN,Livestock production index (2014-2016 = 100),AG.PRD.LVSK.XD,,,,,,,,,,,,,,,,,,,,,,,,,,,,,,,,,,,,,,,,,,,,,,,,,,,,,,,,,,,,,,,
India,IND,Livestock production index (2014-2016 = 100),AG.PRD.LVSK.XD,,14.53,14.62,14.67,14.64,14.69,14.87,15.13,15.81,16.09,15.96,16.83,17.05,17.42,18.16,18.87,19.84,20.58,21.01,21.9,22.81,24.22,25.68,27.25,28.6,30.06,31.15,31.99,32.9,34.46,35.65,37.84,38.7,38.44,40.05,42.36,43.02,44.99,47.56,49.88,51.39,53.74,55.4,57.08,60.23,62.68,66.08,69.98,72.8,76.03,79.5,83.28,86.44,90.34,95.33,99.83,104.84,110.49,116.58,122.6,125.44,125.18,
Not classified,INX,Livestock production index (2014-2016 = 100),AG.PRD.LVSK.XD,,,,,,,,,,,,,,,,,,,,,,,,,,,,,,,,,,,,,,,,,,,,,,,,,,,,,,,,,,,,,,,
Ireland,IRL,Livestock production index (2014-2016 = 100),AG.PRD.LVSK.XD,,42.58,40.88,42.13,44.44,43.23,45.57,52.15,51.43,51.19,50.73,57.02,55.69,52.95,61.27,71.43,62.6,68.68,74.86,71.34,78.79,68.18,72.34,78.14,82.16,85.58,89.26,85.56,82.9,81.1,90.4,89.04,90.24,88.27,83.05,84.83,88.44,89.91,92.59,97.1,91.59,92.98,88.9,89.83,89.67,87.49,87.4,89.61,85.58,84.84,88.61,89.91,85.93,89.16,95.59,100.23,104.18,111.47,113.79,116.4,119.61,120.57,
"Iran, Islamic Rep.",IRN,Livestock production index (2014-2016 = 100),AG.PRD.LVSK.XD,,19.63,20.77,19.95,20.34,20.64,20.63,21.69,22.37,23.09,23.85,24.47,25.24,26.09,26.8,27.07,28.88,29.94,31.95,32.7,32.54,33.95,35.78,36.92,38.15,39.17,41.59,42.16,42.5,45.59,48.54,50.87,54.28,57.06,59.91,60.67,63.98,66.75,68.67,68.8,73.28,75.51,77.64,80.65,84.39,89.3,93.37,98.82,88.98,91.06,93.76,96.05,101.44,103.97,107.02,97.34,95.64,96.02,93.17,90.69,98.65,96.89,
Iraq,IRQ,Livestock production index (2014-2016 = 100),AG.PRD.LVSK.XD,,91.55,91.9,91.23,90.95,88.49,90.53,92.82,96.37,99.55,104.08,104.34,104.98,103.54,102.29,100.95,111.2,111.29,110.86,112.84,115.81,114.7,135.27,123.8,134.8,141.48,149.13,148.54,149.61,173.88,156.26,65.66,74.28,85.13,84.65,75.58,72.58,82.76,85.41,93.16,106.89,115.34,119.73,79.62,87.81,102.91,94.97,97.35,104.72,99.64,108.19,119.15,122.36,110.53,111.48,98.43,90.1,91.91,96.78,107.94,110.26,107.18,
Iceland,ISL,Livestock production index (2014-2016 = 100),AG.PRD.LVSK.XD,,78.88,83.26,81.18,79.95,84.3,82.18,86.59,80.65,81.12,77.09,75.96,82.1,85.31,88.78,91.61,89.91,90.98,95.97,97.58,89.91,91.23,90.03,89.51,87.8,90.49,91.11,86.49,77.59,73.38,73.71,74.07,73.11,70.11,71.52,71.29,69.28,70.53,72.24,76.08,79.61,78.65,80.27,81.2,80.89,80.12,82.37,86.95,88.67,88.74,88.96,91.27,94.14,93.38,95.66,100.27,104.08,107.9,108.49,106.78,103.33,103.49,
Israel,ISR,Livestock production index (2014-2016 = 100),AG.PRD.LVSK.XD,,15.23,16.93,16.86,18.32,18.34,18.99,20.81,21.08,21.44,22.8,24.15,25.63,26.52,28.63,30.42,33.54,34.66,34.66,34.57,34.07,34.49,36.76,38.34,41.43,40.2,38.87,40.28,43.48,43.04,43.67,46.24,48.01,50.14,53.73,53.05,53.97,54.85,52.38,55.04,67.44,68.58,73.72,74.98,76.33,77.74,77.73,83.31,87.18,84.11,86.25,87.15,92.03,91.21,98.22,100.19,101.59,104.54,103.88,103.11,107.31,103.65,
Italy,ITA,Livestock production index (2014-2016 = 100),AG.PRD.LVSK.XD,,71.28,72.29,65.17,69.6,73.96,80,79.63,83.84,85.31,86.44,85.1,83.87,89.08,92.23,90.34,93.14,99.63,101.49,105.93,108.79,108.05,108.41,112.15,114.36,112.91,109.71,112.24,113.17,111.57,115.86,106.2,108.29,109.53,109.86,113.69,114.88,115.1,111.39,115.62,114.38,113.5,114.18,110.4,110.28,109.73,107.17,110.65,114.54,111.74,109.66,106.88,109.28,103.92,96.02,101.51,102.47,100.09,106.33,107.13,104.74,107.27,
Jamaica,JAM,Livestock production index (2014-2016 = 100),AG.PRD.LVSK.XD,,25.9,25.25,25.43,26.17,25.88,28.25,32.36,33.07,35.1,35.46,36.8,35.51,40.46,41.2,41.99,44.9,46.34,46.29,46.34,46.45,45.41,44.53,50.25,54.68,45.95,49.3,52.94,50.78,48.79,75.36,72.18,75.09,68.61,68.93,70.27,74.47,75.65,78.87,84.49,85.23,86.62,88.85,93.51,91.73,94.35,91.39,91.32,93.13,92.86,90.01,90,91.99,92.98,94.93,98.27,106.8,106.86,109.12,109.42,104.43,106.89,
Jordan,JOR,Livestock production index (2014-2016 = 100),AG.PRD.LVSK.XD,,7,7.95,9.28,11.14,14.21,15.53,10.45,11.1,10.77,10.75,14.66,13.92,15.25,12.44,14.36,12.94,14.4,14.78,15.35,16.2,17.02,17.62,22.22,27.37,31.06,31.07,31.14,29.57,26.38,30.65,38.15,46.87,52.82,50.49,52.58,53.42,52.82,53.02,56,56.45,57.33,57.96,62.6,66.8,67.88,67.77,77,86.56,86.26,92.86,93.7,95.48,92.15,99.43,96.91,103.65,112.54,125.86,118.79,126.9,121.38,
Japan,JPN,Livestock production index (2014-2016 = 100),AG.PRD.LVSK.XD,,27.94,31.89,33.6,38.18,40.29,40.23,43.05,46.15,51.34,57.04,59.93,62.24,61.99,65.79,66.05,66.64,72.37,77.86,81.93,83.42,83.84,86.3,88.43,90.6,93.96,95.07,96.8,97.89,98.52,97.97,98.02,99.44,99.28,97.17,95.62,94.34,93.94,93.13,93.04,92.27,89.4,92.38,91.69,91.55,91.08,91.84,92.5,92.74,93.49,92.75,90.57,93.12,100.8,100.02,99.63,100.35,100.89,101.91,102.47,103.8,105.28,
Kazakhstan,KAZ,Livestock production index (2014-2016 = 100),AG.PRD.LVSK.XD,,,,,,,,,,,,,,,,,,,,,,,,,,,,,,,,,123.93,131.57,122.45,102.66,84.1,74.09,68.04,67.8,65.73,67.2,69.91,72.47,76.63,80.02,83.9,87.34,90.37,92.08,95.36,94.17,91.21,93.25,96.97,99.99,103.05,107.72,111.49,116.09,119.55,123.74,
Kenya,KEN,Livestock production index (2014-2016 = 100),AG.PRD.LVSK.XD,,20.92,20.81,19.72,20.89,21.9,21.82,21.99,23.23,23.59,25.94,27.14,28.06,28.07,28.24,28.34,29.82,34.88,36.36,37.35,35.58,33.45,37.52,40.28,41.66,43.14,46.54,50.72,55.26,55.59,54.65,55.87,55.34,54.4,54.72,55.14,55.19,57.85,57.7,62.51,60.46,65.63,71.31,74.42,80.6,86.66,90.14,94.74,99.66,105.59,105.36,106.1,102.75,103.52,103.53,108.58,87.9,78.29,85.31,105.26,103.03,102.62,
Kyrgyz Republic,KGZ,Livestock production index (2014-2016 = 100),AG.PRD.LVSK.XD,,,,,,,,,,,,,,,,,,,,,,,,,,,,,,,,,93.03,90.36,81.71,73.92,75.08,74.62,76.25,79.71,81.19,82.85,84.26,82.83,80.74,80.65,81.15,82.25,83.81,85.38,87.91,88.4,89.64,91.2,97.74,99.9,102.37,104.34,106.28,109.6,111.72,111.79,
Cambodia,KHM,Livestock production index (2014-2016 = 100),AG.PRD.LVSK.XD,,20.56,22.92,23.47,22.34,24.33,26.07,31.45,34.88,40.07,39.54,39.03,38.68,38.31,34.96,27.91,23.29,20.39,18.29,15.82,16.12,19.47,29.6,32.73,37.82,42.99,44.85,48.03,53.47,59.07,57.37,60.2,70.39,73.58,72.72,75.34,78.5,83.47,85.09,86.8,99.15,99.84,96.37,100,102.62,108.87,112.57,107.66,101.73,100.29,98.71,101,99.01,100.36,101.84,98.54,99.62,100.42,98.28,96.35,88.06,92.88,
Kiribati,KIR,Livestock production index (2014-2016 = 100),AG.PRD.LVSK.XD,,38.76,38.97,39.16,45.69,45.88,40.75,40.94,41.3,41.61,41.88,42.48,42.88,43.16,43.37,43.59,44,44.22,44.43,44.61,44.82,45.51,46.07,46.55,47.04,47.53,48.22,48.7,49.04,49.61,50.1,50.59,51.07,51.56,51.72,53.35,53.71,54.17,54.17,53.67,60.32,65.49,72.81,72.92,74.17,77.27,82.07,88.36,90.67,91.48,93.62,94.78,96.95,95.14,98.55,100.05,101.41,103.54,105.95,106.73,108.72,110.43,
St. Kitts and Nevis,KNA,Livestock production index (2014-2016 = 100),AG.PRD.LVSK.XD,,204.17,205.38,210.9,213.47,219.76,231.71,217.12,207.04,208.38,211.8,212.87,208.3,206.37,210.26,208.7,216.59,218.17,227.58,231.06,247.72,257.37,241.56,243.72,213.56,228.86,233.17,232.64,221.13,212.64,216.17,221.28,219,208.12,217.66,221.4,222.13,224.78,219.31,227.87,199.76,222.21,201.26,214.83,208.12,189.2,126.04,141.91,159.06,149.42,147.96,142.57,105.36,93.73,98.61,103.7,97.68,74.03,75.87,63.96,65.95,74.58,
"Korea, Rep.",KOR,Livestock production index (2014-2016 = 100),AG.PRD.LVSK.XD,,4.65,4.31,5.56,6.64,6.71,6.76,6.64,7.29,8.81,9.42,10.09,10.95,11.63,13.11,15.45,16.08,16.9,18.41,22.84,24.22,23.84,24.72,27.7,32.32,36.69,39.33,43.05,44.61,43.68,46.42,48.13,58.04,61.36,62.96,64.84,70.03,74.59,77.03,79.93,76.16,73.98,76.44,77.76,71.46,73.55,77.26,80,82.2,86.63,85.5,79.71,90.14,96.95,98.21,101.56,100.24,98.91,103,105.2,109,109.08,
Kuwait,KWT,Livestock production index (2014-2016 = 100),AG.PRD.LVSK.XD,,7.18,7.22,8.13,6.63,8.44,8.82,7.13,6.69,10.41,11.69,12.11,11.91,11.6,11.75,11.57,13.13,13.49,15.33,20.96,23.12,19.34,16.26,23.11,28.03,32.63,33.32,37.01,35.7,34.53,25.83,1.31,7,14.62,22.13,29.83,27.64,36.16,38.73,37.05,36.77,36.25,38.86,39.44,38.05,40.13,39.95,45.14,40.65,61.85,55.44,81.55,91.82,75.03,90.78,92.9,116.32,114.24,124.03,116.49,115.93,127.23,
Latin America & Caribbean (excluding high income),LAC,Livestock production index (2014-2016 = 100),AG.PRD.LVSK.XD,,,,,,,,,,,,,,,,,,,,,,,,,,,,,,,,,,,,,,,,,,,,,,,,,,,,,,,,,,,,,,,
Lao PDR,LAO,Livestock production index (2014-2016 = 100),AG.PRD.LVSK.XD,,16.57,17.16,17.26,20.24,21.75,23.85,26.28,25.57,25,24.43,23.68,21.89,19.09,18.87,17.52,19.79,19.51,19.88,22.68,27.41,29.35,30.08,31.78,34.04,34.69,37.56,42,41.77,48.81,48.68,44.08,46.74,51.06,54.01,63.27,63.54,67.61,70.37,79.25,72.31,78.09,82.79,91.31,93.19,96.44,100.94,102.99,103.92,94.99,103.94,118.25,112.69,86.74,84.49,111.79,103.72,122.06,103.19,171.87,169.36,182.65,
Lebanon,LBN,Livestock production index (2014-2016 = 100),AG.PRD.LVSK.XD,,19.53,23.21,25.12,29.39,31.57,36.72,36.08,35.46,33.57,34.61,35.8,39,37.58,40.1,34.45,19.68,20.55,33.04,47.08,57.71,58.29,60.38,57.85,55.27,54.36,55.01,56.38,56.38,55.42,57.83,60.67,61.1,61.29,63.53,63.67,71.39,78.67,82.82,84.93,91.01,89.62,99.96,104.18,107.18,105.36,101.41,110.42,118.22,104.59,77.54,88.45,90.61,95.17,98.43,100.5,101.07,103.81,110.46,104.78,101.22,107.81,
Liberia,LBR,Livestock production index (2014-2016 = 100),AG.PRD.LVSK.XD,,22.93,23.66,24.4,25.15,25.92,26.67,27.7,29.18,30.31,31.67,32.96,34.05,35.37,36.69,37.15,38.71,39.74,41.14,42.05,43.2,44.83,46.49,47.62,48.7,50.24,51.13,52.53,52.41,52.89,52.47,54.55,54.53,54.96,55.26,55.71,57.32,57.96,58.86,60.16,62.82,63.58,64.51,65.44,66.98,67.82,71.02,74.99,79.13,84.39,90.66,95.45,97.66,95.87,99.01,100.43,100.56,99.79,104.56,106.06,106.02,109.8,
Libya,LBY,Livestock production index (2014-2016 = 100),AG.PRD.LVSK.XD,,16.33,16.57,16.96,18.12,21.62,26.12,23.18,25.18,27.66,30.05,27.92,34.65,33.39,37.41,45.56,48.18,42.17,46.17,53.11,57.77,54.46,62.71,65.78,64.55,65.31,64.54,62.71,65.66,73.46,79.55,79.88,78.39,78.12,82.83,91.81,97.09,94.24,99.29,101,94.46,96.29,99.12,99.33,101.46,107.26,109.97,117.6,114.01,122.3,127.84,126.6,126.8,125.97,100.55,104.96,94.49,95.94,108.11,106.44,114.06,118.43,
St. Lucia,LCA,Livestock production index (2014-2016 = 100),AG.PRD.LVSK.XD,,47.96,48.07,49.51,50.66,49.75,53.26,50.62,50.56,52.65,55.31,52.79,53.86,56.8,57.86,58.12,65.33,66.55,70.08,68.12,70.72,73.31,74.83,77.76,81.74,82,80.98,80.19,81.15,78.35,78.94,80.5,84.86,85.04,87.84,86.9,79.39,82.91,83.15,86.23,81.69,74.46,89.16,97.01,96.94,91.51,88.66,114.04,104.02,111.23,103.46,104.03,102.38,95.65,99.19,100.96,99.85,97.68,101.37,104.44,101,84.53,
Latin America & Caribbean,LCN,Livestock production index (2014-2016 = 100),AG.PRD.LVSK.XD,,,,,,,,,,,,,,,,,,,,,,,,,,,,,,,,,,,,,,,,,,,,,,,,,,,,,,,,,,,,,,,
Least developed countries: UN classification,LDC,Livestock production index (2014-2016 = 100),AG.PRD.LVSK.XD,,,,,,,,,,,,,,,,,,,,,,,,,,,,,,,,,,,,,,,,,,,,,,,,,,,,,,,,,,,,,,,
Low income,LIC,Livestock production index (2014-2016 = 100),AG.PRD.LVSK.XD,,,,,,,,,,,,,,,,,,,,,,,,,,,,,,,,,,,,,,,,,,,,,,,,,,,,,,,,,,,,,,,
Liechtenstein,LIE,Livestock production index (2014-2016 = 100),AG.PRD.LVSK.XD,,,,,,,,,,,,,,,,,,,,,,,,,,,,,,,,,,,,,,,,,,,,,,,,,,,,,,,,,,,,,,,
Sri Lanka,LKA,Livestock production index (2014-2016 = 100),AG.PRD.LVSK.XD,,27.83,29.78,34.08,37.92,38.81,36.71,37.2,39.28,38.72,38.88,41.74,41.04,41.04,40.98,42.27,42.15,40.74,39.73,40.45,43.73,45.67,43.84,45.89,48.77,49.02,39.89,43.79,41.89,42.83,46.16,49.57,53.82,56.77,61.61,63.24,61.57,62.24,54.35,53.22,58.17,62.57,63.22,64.69,65.84,67.24,61.36,65.54,66.79,68.78,73.54,71.47,89,92.04,92.34,98.56,109.1,110.64,115.65,113.66,123.86,126.25,
Lower middle income,LMC,Livestock production index (2014-2016 = 100),AG.PRD.LVSK.XD,,,,,,,,,,,,,,,,,,,,,,,,,,,,,,,,,,,,,,,,,,,,,,,,,,,,,,,,,,,,,,,
Low & middle income,LMY,Livestock production index (2014-2016 = 100),AG.PRD.LVSK.XD,,,,,,,,,,,,,,,,,,,,,,,,,,,,,,,,,,,,,,,,,,,,,,,,,,,,,,,,,,,,,,,
Lesotho,LSO,Livestock production index (2014-2016 = 100),AG.PRD.LVSK.XD,,61.73,66.76,66.21,56.82,63.86,67.4,74.08,75.79,85.73,86.77,83.68,84.73,91.68,90.08,81.56,70.84,66.07,65.66,74.02,87.29,99.67,105.44,105.82,109.46,95.18,98.69,100.37,95.39,95.1,89.78,62.44,74.1,71.63,73.18,82.12,70.72,80.05,71.88,89.56,95.22,102.38,94.01,90.89,91.98,103.08,88.62,101.42,104.16,92.09,91.44,104.43,104.95,103.09,101.74,99.57,98.68,93.28,93.14,92.35,93.95,91.04,
Late-demographic dividend,LTE,Livestock production index (2014-2016 = 100),AG.PRD.LVSK.XD,,,,,,,,,,,,,,,,,,,,,,,,,,,,,,,,,,,,,,,,,,,,,,,,,,,,,,,,,,,,,,,
Lithuania,LTU,Livestock production index (2014-2016 = 100),AG.PRD.LVSK.XD,,,,,,,,,,,,,,,,,,,,,,,,,,,,,,,,,184.44,139.33,118.59,108.95,106.95,112.1,110.67,101.29,100.06,90.11,95.01,95.47,101.28,105.69,106.09,110.08,102.34,96.4,97.1,98.16,98.88,97.88,100.95,102.01,97.05,97.51,95,94.58,92.39,91.21,
Luxembourg,LUX,Livestock production index (2014-2016 = 100),AG.PRD.LVSK.XD,,,,,,,,,,,,,,,,,,,,,,,,,,,,,,,,,,,,,,,,,80.49,86.05,85.73,86.66,86.22,84.87,82.66,84.29,82.72,84.64,87.04,87.86,87.54,88.25,93.25,101.09,105.67,108.88,113.26,115.4,120.48,120.05,
Latvia,LVA,Livestock production index (2014-2016 = 100),AG.PRD.LVSK.XD,,,,,,,,,,,,,,,,,,,,,,,,,,,,,,,,,212,169.95,125.77,114.45,92.94,94.74,92.52,79.21,79.36,78.7,75.96,79.31,81.27,83.92,86.12,91.18,91.33,89.69,88.93,89.3,90.49,92.57,98.14,100.14,101.72,103.72,101.43,102.14,101.62,102.89,
"Macao SAR, China",MAC,Livestock production index (2014-2016 = 100),AG.PRD.LVSK.XD,,32.89,40.15,47.57,47.8,50.58,49.18,49.51,49.08,49.08,55.24,56.18,57.47,58.96,60.24,60.91,61.27,64.67,65.9,74.96,71.85,72.22,71.4,66.66,64.06,65.99,71.96,71.25,69.39,70.56,70.96,70.98,70.98,72.02,68.51,68.72,73.94,69.74,83.13,103.13,105.71,112.98,157.99,100.05,86.62,104.76,118.93,165.62,94.72,109.88,110.65,94.96,114.2,100.73,133.61,81.89,84.5,92.27,87.68,77.8,64.64,61.12,
St. Martin (French part),MAF,Livestock production index (2014-2016 = 100),AG.PRD.LVSK.XD,,,,,,,,,,,,,,,,,,,,,,,,,,,,,,,,,,,,,,,,,,,,,,,,,,,,,,,,,,,,,,,
Morocco,MAR,Livestock production index (2014-2016 = 100),AG.PRD.LVSK.XD,,20.05,18.82,18.3,18.14,19.73,20.93,21.9,23.18,23.83,24.11,24.27,26.2,26.26,25.41,23.56,22.54,24.31,26.25,28.39,29.21,33.16,33.16,31,30.94,30.09,33.46,39.17,43.5,48.84,48.96,47.09,48.22,46.73,45.15,46.86,45.35,55.27,52.37,56.97,57.52,59.06,62.2,60.58,61.91,66.51,67.82,71.27,74.6,78.24,84.4,89.36,93,92.25,95.98,103.13,100.89,110.94,113.16,115.98,112.35,112.38,
Monaco,MCO,Livestock production index (2014-2016 = 100),AG.PRD.LVSK.XD,,,,,,,,,,,,,,,,,,,,,,,,,,,,,,,,,,,,,,,,,,,,,,,,,,,,,,,,,,,,,,,
Moldova,MDA,Livestock production index (2014-2016 = 100),AG.PRD.LVSK.XD,,,,,,,,,,,,,,,,,,,,,,,,,,,,,,,,,223.02,178.63,159.78,141.85,129.05,121.34,108.9,105.35,97.35,94.46,98.88,97.02,100.22,103.48,105.56,106.17,84.29,90.37,103.67,102.42,95.91,97.34,93.79,102.03,104.17,94.88,92.1,87.96,87.7,77.49,
Madagascar,MDG,Livestock production index (2014-2016 = 100),AG.PRD.LVSK.XD,,97.27,101.24,102.38,104.72,96,115,116.25,119.02,116.24,115.83,111.29,117.77,117.75,117.86,120.83,121.17,99.51,146.28,130.37,134.1,138.05,136.62,135.32,138.4,139.69,142.17,143.65,148.08,148.54,150.07,80.83,82.23,84.68,85.46,87.83,87.34,90.47,89.64,89.49,89.21,82.31,81.66,82.09,83.91,91.02,91.39,93.63,93.07,96.69,96.9,97.65,98.51,98.22,97.76,100.17,102.07,101.28,94.52,95.4,93.36,92.66,
Maldives,MDV,Livestock production index (2014-2016 = 100),AG.PRD.LVSK.XD,,46.56,47.73,48.89,50.05,51.22,52.38,53.55,54.71,55.87,57.04,58.78,60.53,62.28,64.02,65.77,67.51,68.68,69.84,69.84,69.84,71.01,75.66,81.48,84.98,87.3,88.47,89.63,90.8,91.96,93.12,95.45,97.49,98.94,99.23,99.91,98.55,101.27,104.76,116.41,104.76,101.76,98.94,94.65,90.59,81.48,88.15,89.85,91.74,96.98,97.5,97.78,97.78,97.78,98.4,100.39,101.21,101.2,99.2,99.75,99.96,100.23,
Middle East & North Africa,MEA,Livestock production index (2014-2016 = 100),AG.PRD.LVSK.XD,,,,,,,,,,,,,,,,,,,,,,,,,,,,,,,,,,,,,,,,,,,,,,,,,,,,,,,,,,,,,,,
Mexico,MEX,Livestock production index (2014-2016 = 100),AG.PRD.LVSK.XD,,18.64,20.53,20.32,20.31,21.4,23.37,24.03,25.07,26.22,26.09,26.11,29.48,29.72,30.91,33.56,37.22,40.12,42.12,41.46,44.19,46.88,48.2,51.17,49.23,49.96,55.41,54.73,52.84,49.27,53.7,52.96,54.96,57.4,59.97,62.58,61.07,63.73,67.17,70.51,73.28,75.8,77.73,79.06,81.75,83.59,86.32,88.05,89.79,90.98,92.39,94.75,95.03,96.3,97.79,99.86,102.35,105.16,108.6,112.01,114.88,117.46,
Marshall Islands,MHL,Livestock production index (2014-2016 = 100),AG.PRD.LVSK.XD,,,,,,,,,,,,,,,,,,,,,,,,,,,,,,,,,,,,,,,,,,,,,,,,,,,,,,,,,,,,,,,
Middle income,MIC,Livestock production index (2014-2016 = 100),AG.PRD.LVSK.XD,,,,,,,,,,,,,,,,,,,,,,,,,,,,,,,,,,,,,,,,,,,,,,,,,,,,,,,,,,,,,,,
North Macedonia,MKD,Livestock production index (2014-2016 = 100),AG.PRD.LVSK.XD,,,,,,,,,,,,,,,,,,,,,,,,,,,,,,,,,91.02,92.19,94.19,90.63,85.46,82.94,79.78,81.36,84.5,84.88,81.76,84.98,91.92,88.71,94.45,111.41,107.4,101.96,103.06,102.17,98.74,99.9,101.54,96.21,102.25,101.67,101.77,100.47,101.79,88.56,
Mali,MLI,Livestock production index (2014-2016 = 100),AG.PRD.LVSK.XD,,55.54,58.07,61.9,65.9,71.04,74.07,77.46,79.65,83.66,84.68,82.24,71.82,58.96,63.37,72.33,77.56,80.94,91.51,96.38,105.27,118.11,121.97,113.54,106.89,91.77,102.13,101.25,105.71,109.37,114.28,76.76,78.81,80.13,80.78,81.19,80.46,77.69,79.21,80.34,80.6,79.69,84.97,89.96,98.64,107.6,105.71,129.37,129.91,131.77,105.68,109.46,94.62,88.22,92.39,100.27,107.35,109.73,111.13,119.57,131.95,126.17,
Malta,MLT,Livestock production index (2014-2016 = 100),AG.PRD.LVSK.XD,,49.71,48.26,47.25,49.67,58.07,52.46,51.41,67.65,67.48,74.28,74.14,75.51,80.55,77.69,77.38,82.46,95.79,94.38,81.36,74.59,77.73,73.01,82.44,88.37,97.04,100.17,101.3,104.21,104.5,103.58,109.53,123.42,123.69,131.25,116.58,130.47,135.53,139.97,140.39,132.74,136.97,138.92,137.59,122.67,118.89,118.32,119.42,125.77,116.44,112.54,103.58,101.37,101.93,103.59,98.23,98.18,96,94.63,86.53,97.81,97.15,
Myanmar,MMR,Livestock production index (2014-2016 = 100),AG.PRD.LVSK.XD,,4.81,4.89,5.29,5.65,6.04,6.34,6.79,6.91,7.16,7.54,7.69,7.67,8.3,8.15,8.46,8.81,9.02,9.36,9.99,10.43,11.28,12.05,12.82,13.71,14.18,14.2,14.6,15.05,12.13,9.68,9.51,9.94,10.16,10.57,11.41,12.22,12.95,13.71,15.91,18.68,20.34,22.82,27.5,32.23,38.15,43.23,47.85,52.84,61.04,67.17,71.5,77.76,84.89,93.58,101.25,105.18,108,37.21,37.65,40.83,41.51,
Middle East & North Africa (excluding high income),MNA,Livestock production index (2014-2016 = 100),AG.PRD.LVSK.XD,,,,,,,,,,,,,,,,,,,,,,,,,,,,,,,,,,,,,,,,,,,,,,,,,,,,,,,,,,,,,,,
Montenegro,MNE,Livestock production index (2014-2016 = 100),AG.PRD.LVSK.XD,,,,,,,,,,,,,,,,,,,,,,,,,,,,,,,,,,,,,,,,,,,,,,,120.93,123.12,98.07,82.2,77.05,104.64,89.7,105.47,98.26,95.51,106.23,95.29,98.93,100.95,107.07,106.87,
Mongolia,MNG,Livestock production index (2014-2016 = 100),AG.PRD.LVSK.XD,,59.95,54.05,49,49.51,53.44,57.6,59.05,55.92,56.95,57.27,56.23,61.02,59.28,65.74,71.67,67.76,63.27,71.66,70.81,67.56,68.64,68.76,68.46,68.87,66.07,71.59,70.65,66.77,70.61,72.03,75.16,68.14,60.41,58.07,62.28,71.43,67.13,74.81,82.5,80.25,62.27,57.33,47.07,57.94,54.68,52.45,58.07,65.71,80.07,60.99,66.48,70.51,80.13,80.7,114.07,105.23,110.7,127.38,132.42,171.64,127.31,
Northern Mariana Islands,MNP,Livestock production index (2014-2016 = 100),AG.PRD.LVSK.XD,,,,,,,,,,,,,,,,,,,,,,,,,,,,,,,,,,,,,,,,,,,,,,,,,,,,,,,,,,,,,,,
Mozambique,MOZ,Livestock production index (2014-2016 = 100),AG.PRD.LVSK.XD,,11.53,12,12.32,12.75,13.61,13.6,14.23,14.99,15.25,15.89,16.56,16.96,17.52,18.02,18,15.4,16.44,16.87,17.43,17.9,18.32,18.21,18.05,18.54,19.28,18.4,18.12,18.89,19.15,16.07,33.22,36.67,39.92,42.64,46.8,46.95,46.76,46.86,47.89,49.7,50.75,50.16,51.33,55.27,60.04,59.35,64.66,66.84,76.49,86.23,92.71,90.71,93.34,104.79,98.24,96.97,113.55,122.88,117.91,124.64,127.57,
Mauritania,MRT,Livestock production index (2014-2016 = 100),AG.PRD.LVSK.XD,,50.57,51.77,52.67,54.26,55.66,57.66,59,61.37,59.09,59.12,59.45,57.29,50.76,47.49,48.7,53.69,57.68,59.94,60.97,63.92,65.39,63.72,61.48,59.3,61.82,62.09,62.13,63.4,66.73,72.31,57.49,55.19,49.38,51.67,52.61,56.7,59.15,62.86,64.45,72.46,75.12,78.68,80.3,82.27,83.76,83.63,83.64,81.9,83.01,87.81,90,92.89,95.22,95.56,101.31,103.13,101.21,103.37,104.27,103.42,104.43,
Mauritius,MUS,Livestock production index (2014-2016 = 100),AG.PRD.LVSK.XD,,15.61,15.94,17.85,17.44,16.46,15.55,15.76,16.62,15.74,16.41,16.33,17.15,18.01,19.75,21.6,23.43,24.43,18.64,24.35,23.36,22.43,24.01,23.94,22.99,24.12,27.43,30.75,33.87,34.53,37.15,36.67,41.7,44.7,47.79,48.64,50.71,50.74,45.78,58.56,59.51,69.19,73.61,74.8,80.75,78.51,83.22,88.87,90.83,93.2,99.38,100.81,101.73,102.67,101.71,99.87,98.43,101.71,104.27,108.63,100.39,103.08,
Malawi,MWI,Livestock production index (2014-2016 = 100),AG.PRD.LVSK.XD,,5.41,5.64,6.08,6.2,6.26,6.57,7.71,8.09,9.33,9.45,9.21,9.3,9.87,10.58,10.96,11.77,12.6,13.08,12.76,13.52,16.18,16.93,15.7,15.85,13.97,17.53,17.76,17.29,17.25,17.84,20.14,20.51,20.62,19.12,20.12,24.83,22.09,23.49,23.83,27.21,28.98,26.12,27.27,30.23,29.05,32.43,37.91,43.91,48.28,49.48,62.65,73.81,82.16,90.62,101.64,107.74,127.72,162.36,145.86,143.23,161.85,
Malaysia,MYS,Livestock production index (2014-2016 = 100),AG.PRD.LVSK.XD,,5.3,5.51,5.78,6.29,6.79,7.35,7.65,7.89,8.66,8.96,9.6,10.08,10.09,10.77,13.19,14.05,13.85,14.28,14.7,15.79,16.57,17.87,19.5,20.65,23.43,25.06,28.61,29.78,33.4,38.21,39.32,43.71,48.16,50.79,51.79,51.5,52.06,52.4,48.35,47.76,50.5,53.34,54.85,58.97,62.68,65.31,68.1,69.32,71.94,79.26,81.37,84.87,89.94,94.65,100.59,104.77,102.78,100.45,97.47,102.55,100.37,
North America,NAC,Livestock production index (2014-2016 = 100),AG.PRD.LVSK.XD,,,,,,,,,,,,,,,,,,,,,,,,,,,,,,,,,,,,,,,,,,,,,,,,,,,,,,,,,,,,,,,
Namibia,NAM,Livestock production index (2014-2016 = 100),AG.PRD.LVSK.XD,,128.18,109.17,139.11,139.14,136.38,127.33,148.73,157,154.15,167.88,183.6,204.93,213.48,218.97,139.67,155.83,147.09,161.68,168.47,179.91,183.69,136.85,112.78,116.69,129.34,134.77,146.85,146.46,159.44,149.74,100.01,95.87,96.67,97.75,92.4,91,72.94,80.76,105.48,131.85,112.18,110.28,115.66,102.81,101.69,99.36,101.29,103.04,103.9,104.38,104.63,106.32,105.93,103.37,97.78,98.85,102.95,97.29,96.69,96.86,98.07,
New Caledonia,NCL,Livestock production index (2014-2016 = 100),AG.PRD.LVSK.XD,,62.22,64.64,65.53,63.63,65.34,61.77,63.95,66.5,63.8,64.84,69.38,70.78,64.67,49.79,57.08,46.97,55.91,56,57.94,56.61,55.53,56.93,56.71,60.87,72.39,70.23,60.58,60.55,57.75,67.32,74.8,80.41,84.8,91.11,85.33,94.4,91.44,92.68,94.95,92.66,93.02,93.06,94.99,96.63,88.91,82.41,85.47,85.93,85.6,91.1,91.69,94.99,93.68,98.32,111.55,90.12,90.21,88.73,93.38,94.37,94.3,
Niger,NER,Livestock production index (2014-2016 = 100),AG.PRD.LVSK.XD,,35.51,37.29,38.94,40.2,41.13,43.3,46.38,51.78,51.92,55.58,52.54,53.34,46.67,46.68,48.54,49.56,67.07,67.08,63.5,71.13,71.65,72.44,72.65,63.27,48.72,52.84,57.56,61.56,64.71,69.61,64.04,71.72,75.98,78.46,76.5,88.71,91.45,96.47,101.93,64.56,66.81,67.06,70.88,71.93,79.18,82.93,80.64,81.63,85.41,89.92,89.7,95.03,86.98,89.48,104.17,106.35,111.01,113.26,115.6,124.59,115.37,
Nigeria,NGA,Livestock production index (2014-2016 = 100),AG.PRD.LVSK.XD,,17.19,15.71,15.95,17.6,18.55,18.07,20.08,19.82,23.16,23.85,23.45,21.78,25.79,27.79,27.98,33.58,31.92,34.08,36.88,44.84,42.52,45.88,50.04,51.7,57.97,51,52.06,50.35,49.54,50.35,50.04,50.77,55.24,60.22,61.94,63.55,65.9,71.91,75.19,74.71,81.1,85.71,83.38,86.49,87.33,85.91,92.88,95.14,98.7,98.36,95.04,90.28,98.47,99.84,101.97,98.18,100.67,103.82,103.35,101.13,101.42,
Nicaragua,NIC,Livestock production index (2014-2016 = 100),AG.PRD.LVSK.XD,,20.03,20.67,23.04,23.62,24.2,26.22,27.58,30.89,34.61,38.41,38.66,41.39,39.79,35.94,43.81,48.35,52,54.52,64.73,35.51,25.85,29.89,29.21,29.9,28.48,26.36,24.01,23.55,28.94,30.89,27.16,29.19,32.13,31.87,31.49,32.03,33.66,32.22,41,47.28,49.02,50.57,54.1,58.53,61.2,66.62,71.3,74.42,79.73,85.28,88.27,86.15,96.04,98.88,97.03,104.09,117.54,115.62,119.43,123.24,126.91,
Netherlands,NLD,Livestock production index (2014-2016 = 100),AG.PRD.LVSK.XD,,41.6,44.03,44.81,42.25,44.4,45.4,48.55,51.35,52.42,57.63,59.74,59.86,62.17,68.77,70.64,72.41,73.63,77.9,81.93,85.03,88.56,90.48,93.51,95.78,96.72,98.93,97.15,97.16,92.68,96.6,91.66,94.66,94.76,92.52,93.17,93.61,88.62,95.78,94.41,93.21,87.27,85.87,79.32,82.44,82.67,81.71,83.24,84.09,85.84,86.65,89.15,88.67,91.73,94.24,101.64,104.12,100.6,97.06,99.24,102.07,103.61,
Norway,NOR,Livestock production index (2014-2016 = 100),AG.PRD.LVSK.XD,,68.77,73.1,72.31,72.63,71.97,73.9,74.59,76.07,76.06,74.41,75.35,77.7,78.82,81.06,81.32,80.67,82.99,84.69,85.64,87.59,90.4,93.7,91.83,91.27,91.2,92.04,94.45,94.03,92.44,93.94,91.11,93.17,93.14,93.5,92.81,93.88,94.44,94.2,95.47,92.14,90.73,90.65,91.5,93.83,93.82,94.39,95.3,98,97.92,98.91,97.43,97.67,100.11,99.25,99.64,101.11,101.97,103.32,101.56,101.54,104.05,
Nepal,NPL,Livestock production index (2014-2016 = 100),AG.PRD.LVSK.XD,,25.51,26.17,26.92,27.34,27.88,28.2,29.07,29.89,30.75,31.29,32.37,33.42,34.44,35.63,37.19,38.21,39.41,40.44,41.35,43.08,45.17,48.4,50.32,50.1,50.4,51.68,52.3,54.46,55.69,58.05,50.48,50.89,51.29,53.06,54.35,55.33,58.87,61.02,62.27,63.61,65.37,67.09,68.56,70.07,72.25,73.92,76.42,78.34,81.79,83.59,87.77,92.27,95.72,96.67,98.1,105.23,108.73,115.65,120.43,142.52,142.21,
Nauru,NRU,Livestock production index (2014-2016 = 100),AG.PRD.LVSK.XD,,27.28,27.83,28.4,28.95,30.07,30.64,34.68,35.8,36.92,38.04,39.16,41.4,43.64,46.2,49.7,39.8,39.8,46.2,47.8,50.22,56.62,62.49,65.68,59.29,62.49,66.51,72.38,75.58,75.58,78.78,88.06,92.02,94.48,94.5,95.33,94.53,94.54,94.56,94.58,94.81,94.61,94.62,94.64,94.56,94.45,94.68,97.9,100.15,98.82,100.69,100.72,100.74,100.76,99.66,99.76,100.58,90.65,89.82,90.7,90.77,90.7,
New Zealand,NZL,Livestock production index (2014-2016 = 100),AG.PRD.LVSK.XD,,42.62,44.77,45.12,46.42,47.21,48.4,50.28,52.92,54.54,53.81,54.34,55.67,55.27,50.83,54.79,60.5,58.13,57.2,57.22,59.88,62.55,62.84,64.93,64.2,68.79,65.37,65.07,67.06,65.17,60.75,62.11,65.34,63.77,68.37,68.28,70.48,73.92,75.5,69.67,75.65,78.76,78.56,82.85,85.92,84.25,85.49,87.15,85.22,86.7,86.71,86.11,91.08,93.34,98.63,101.66,99.72,98.69,101.7,100.79,101.51,102.53,
OECD members,OED,Livestock production index (2014-2016 = 100),AG.PRD.LVSK.XD,,,,,,,,,,,,,,,,,,,,,,,,,,,,,,,,,,,,,,,,,,,,,,,,,,,,,,,,,,,,,,,
Oman,OMN,Livestock production index (2014-2016 = 100),AG.PRD.LVSK.XD,,6.74,6.9,7.07,7.24,7.46,7.59,7.8,7.99,8.28,8.64,8.95,9.79,10.95,11.43,13.34,14.44,15.65,17.96,19.19,20.41,21.63,25.15,27.76,25.7,26.6,28.59,27.8,29.36,31.31,30.37,32.54,31.84,36.73,37.93,39.54,41.38,42.17,45.06,46.4,43.83,44.31,43.56,43.73,60.17,69.81,64.61,73.66,70.76,68.25,83.33,77.8,99.97,118.52,92.4,95.54,112.06,111.97,133.63,113.87,128.85,129.45,
Other small states,OSS,Livestock production index (2014-2016 = 100),AG.PRD.LVSK.XD,,,,,,,,,,,,,,,,,,,,,,,,,,,,,,,,,,,,,,,,,,,,,,,,,,,,,,,,,,,,,,,
Pakistan,PAK,Livestock production index (2014-2016 = 100),AG.PRD.LVSK.XD,,12.23,12.61,12.94,13.32,13.65,13.84,14.17,14.55,14.93,15.33,15.73,16.2,16.74,17.26,17.75,18.34,18.97,19.58,20.26,20.85,21.5,22.28,23.07,24.54,26.04,28.23,29.91,31.85,33.62,35.37,37.12,39.25,41.85,44.29,46.78,46.97,49.14,49.78,51.37,52.81,54.29,55.82,57.44,59.04,60.72,64.64,66.81,69.08,71.51,73.98,76.63,79.25,106.31,97.93,100.59,101.48,109.95,113.49,117.91,122.2,126.64,
Panama,PAN,Livestock production index (2014-2016 = 100),AG.PRD.LVSK.XD,,15.32,17.31,17.65,18.07,19.32,20.98,20.99,21.46,23.2,23.65,26,27.41,26.61,27.57,30.07,32.53,32.75,30.67,29.81,32.73,35.83,39.39,40.69,41.96,42.93,44.35,44.34,40.86,42.78,46.82,51.97,50.15,51.75,50.38,54.84,56.96,62.48,68.31,64.62,65.82,66.85,66.8,64.21,66.15,67.88,70.51,75.27,77.53,80.87,84.66,91.17,97.48,97.1,99.49,101.25,99.26,101.14,104.71,108.22,104.94,110.78,
Peru,PER,Livestock production index (2014-2016 = 100),AG.PRD.LVSK.XD,,18.22,17.95,17.52,20.02,20.34,20.44,19.96,20.49,21.61,22.45,23.96,23.31,23.46,24.99,26.2,26.87,27.05,26.32,26.04,26.37,28.53,29.72,31.14,29.21,30.09,30.9,34.57,36.89,32.54,34.29,35.39,36.39,35.52,35.92,38.12,40.41,44.19,45.14,48.46,48.89,49.77,52.54,54.16,55.47,59.66,65.19,68.91,73.81,77.84,81.07,86.43,91.36,94.57,97.73,99.35,102.92,105.66,111.3,119.91,117.8,120.21,
Philippines,PHL,Livestock production index (2014-2016 = 100),AG.PRD.LVSK.XD,,11.49,12.85,13.65,14.3,15.35,17.03,17.04,18.23,19,18.07,18.55,18.68,21.82,27.21,22.59,21.99,23.2,24.59,27.04,29.05,29.16,28.03,29.65,30.05,25.54,27.84,29.82,32.5,36.66,35.99,40.57,41.22,44.18,45.36,47.56,51.48,54.79,57.11,60.06,62.83,66.64,69.4,71.13,72.25,73.6,78.29,83.98,85.69,86.97,88.99,90.64,93.45,96.2,97.2,101.67,101.13,97.94,98.14,100.09,94.22,86.45,
Palau,PLW,Livestock production index (2014-2016 = 100),AG.PRD.LVSK.XD,,,,,,,,,,,,,,,,,,,,,,,,,,,,,,,,,,,,,,,,,,,,,,,,,,,,,,,,,,,,,,,
Papua New Guinea,PNG,Livestock production index (2014-2016 = 100),AG.PRD.LVSK.XD,,28.59,29.31,29.83,30.56,31.07,32.27,33.07,33.62,34.78,35.58,36.15,36.97,37.6,38.82,39.49,40.56,41.33,41.64,42.92,44.12,45.4,46.42,47.69,48.81,50.05,51.21,52.4,53.56,54.74,55.93,57.04,58.71,60.51,62.25,63.95,65.28,66.78,68.25,69.33,70.47,73.62,76.42,78.57,80.69,82.81,88.12,90.56,92.69,94.05,90.16,94.73,94.93,96.43,97.97,100.48,101.56,102.37,104.26,104.93,104.32,105.34,
Poland,POL,Livestock production index (2014-2016 = 100),AG.PRD.LVSK.XD,,71.5,72.86,71,71.43,75.68,79.28,81.5,83.13,85.27,84.93,85.77,90.73,96.1,104.4,104.48,103.82,104.07,108.25,109.97,106.4,91.67,94.17,95.64,98.9,102.36,105.24,104.12,104.93,105.92,108.15,98.54,91.36,85.4,79.63,81.68,84.4,84.42,88.25,87.12,83.54,83.14,86.31,88.55,86.02,87.71,92.01,95.19,90.87,92.16,94.55,94.42,95.52,94.69,97.81,101.18,101.01,109.64,113.9,115.14,116.99,114.27,
Pre-demographic dividend,PRE,Livestock production index (2014-2016 = 100),AG.PRD.LVSK.XD,,,,,,,,,,,,,,,,,,,,,,,,,,,,,,,,,,,,,,,,,,,,,,,,,,,,,,,,,,,,,,,
Puerto Rico,PRI,Livestock production index (2014-2016 = 100),AG.PRD.LVSK.XD,,97.56,103.83,112.1,115.23,122.51,127.07,128.63,129.09,128.95,129.28,135.17,139.13,142.57,142.65,141.78,153.08,160.95,175.49,183.27,163.22,158.47,154.06,153.45,155.66,155.27,170.15,185.09,178.01,183.58,185.54,187.66,179.62,174.56,171.31,171.52,162.76,162.4,163,152.24,158.13,149.2,145.63,135.26,143.27,134.88,132.47,128.9,128.99,126.76,124.84,126.39,115.49,108.8,101.21,100.27,98.52,94.02,94.97,89.83,93.93,90.96,
"Korea, Dem. People's Rep.",PRK,Livestock production index (2014-2016 = 100),AG.PRD.LVSK.XD,,28.22,28.57,29.19,31.42,31.67,32.81,34.41,35.34,37.17,40.49,42.87,45.81,46.93,50.91,53.92,57.25,60.83,64.05,67.8,71.02,73.85,74.83,78.9,80.33,84.14,87.23,90.09,93.08,93.38,94.34,95.04,77,68.91,64.49,59.65,53.79,45.07,53.75,63.86,75.09,87.51,93.21,95.46,96.48,96.23,93.49,91.23,90.63,93.05,94.11,98.29,99.56,99.56,98.66,99.44,101.89,101.98,100.71,102.72,97,94.69,
Portugal,PRT,Livestock production index (2014-2016 = 100),AG.PRD.LVSK.XD,,31.56,33.22,33.39,33.77,37.3,38.1,37.23,38.25,43.85,45.18,42.75,43.85,47.63,49.62,53.09,51.47,54.17,56.83,56.62,60.61,64.87,66.22,63.47,60.28,60.77,64.17,71.05,73.42,79.6,84.44,89.34,91.81,92.84,90.84,92.25,93.45,97.9,100.54,102.37,103.01,100.84,104.83,99.47,103.19,104.63,99.74,100.25,105.23,103.17,101.9,100.84,98.64,95.11,94.64,102.28,103.08,102.14,101.14,102.86,104.71,106.76,
Paraguay,PRY,Livestock production index (2014-2016 = 100),AG.PRD.LVSK.XD,,25.8,24.01,22.67,24.7,26.42,26.57,27.05,27.8,26.95,28.82,28.91,29.47,27.2,27.47,25.41,26.19,30.12,29.55,30.19,30.54,31.01,30.6,32.3,33.43,34.27,35.35,33.04,38.35,45.77,49.23,54.39,57.68,57,52.01,49.4,53.89,60.59,63.27,59.93,54.44,55.78,56.48,56.23,54.67,60.38,69.82,62.48,66.77,70.86,76.73,78.03,71.07,85.33,101.71,96.65,101.64,112.97,106.87,105.66,113.02,114.49,
West Bank and Gaza,PSE,Livestock production index (2014-2016 = 100),AG.PRD.LVSK.XD,,,,,,,,,,,,,,,,,,,,,,,,,,,,,,,,,,,91.11,100.01,96.61,104.15,110.88,125.36,125.42,135.34,142.72,157.6,147.61,155.17,141.94,132.79,129.19,113.25,106.12,109.95,109.03,93.19,105.72,99.08,95.2,100.88,121.09,116.12,97.21,115.18,
Pacific island small states,PSS,Livestock production index (2014-2016 = 100),AG.PRD.LVSK.XD,,,,,,,,,,,,,,,,,,,,,,,,,,,,,,,,,,,,,,,,,,,,,,,,,,,,,,,,,,,,,,,
Post-demographic dividend,PST,Livestock production index (2014-2016 = 100),AG.PRD.LVSK.XD,,,,,,,,,,,,,,,,,,,,,,,,,,,,,,,,,,,,,,,,,,,,,,,,,,,,,,,,,,,,,,,
French Polynesia,PYF,Livestock production index (2014-2016 = 100),AG.PRD.LVSK.XD,,26.39,26.48,27.42,28,28.95,30.93,34.95,33.84,35.58,43.55,37.7,38.26,40.44,41.68,43.65,45.39,55.61,55.73,57.21,58.27,56.09,52.58,51.64,60.94,62.65,67.68,66.78,68.22,73.43,74.99,76.72,76.33,73.93,75.81,80.57,70.87,71.4,72.44,79.54,79.26,84.33,79.81,79.17,82.04,84.28,81.12,86.25,87.73,94.42,91.76,89.84,93.3,76.77,81.57,110.92,107.51,103.76,109.34,107.5,107.28,108.14,
Qatar,QAT,Livestock production index (2014-2016 = 100),AG.PRD.LVSK.XD,,7.59,7.52,7.48,7.38,7.25,7.41,7.72,8.6,9.03,8.34,9.32,10.24,11.89,11.98,11.32,10.62,13.9,13.17,13.61,13.62,13.76,13.75,18.45,19.87,21.49,25.19,26.11,27.72,36.94,40.92,52.09,58.58,59.3,59.53,66.36,68.72,64.44,57.2,62.61,67.95,54.42,67.96,61.64,62.35,55.35,50.35,59.51,49.16,67.69,60.82,70.43,77.95,93.26,67.84,122.31,109.85,108.85,153.52,142.66,172.3,174.53,
Romania,ROU,Livestock production index (2014-2016 = 100),AG.PRD.LVSK.XD,,67.74,68.82,61.5,65.62,70.23,78.28,85.63,87.55,87.76,91.67,92.5,103.76,112.98,116.93,121.96,128.77,139.05,139.95,150.23,138.03,134.05,125.39,129.48,140.42,136.53,133.5,137.79,134.4,125.14,137.96,136.32,123.88,123.27,126.85,120.95,117.64,116.17,109.1,107.67,102.63,101.53,107.41,117.84,112.69,115.24,115.1,114.71,109.74,110.48,103.01,103.43,98.64,93.53,99.09,100.01,100.89,99.27,87.98,87.6,86.2,85.54,
Russian Federation,RUS,Livestock production index (2014-2016 = 100),AG.PRD.LVSK.XD,,,,,,,,,,,,,,,,,,,,,,,,,,,,,,,,,125.9,119.69,109.49,97.2,89.8,83.87,81.06,75.51,76.47,77.28,79.97,81.34,79.86,77.82,79.21,81.91,85.33,87.73,89.46,90.44,93.83,94.84,98.34,100.58,101.07,103.94,106.06,107.98,110.94,111.81,
Rwanda,RWA,Livestock production index (2014-2016 = 100),AG.PRD.LVSK.XD,,11.48,11.79,12.31,12.25,12.18,12.36,13.42,12.85,13.58,14.47,16.31,16.64,17.82,17.6,21.42,23.85,24.44,23.68,23.17,25.73,26.84,27.5,27.13,26.83,29.31,29.41,28.71,29.89,30.68,30.96,34.18,33.48,32.57,31.1,27.04,29.92,30.94,34.49,38.63,38.92,42.76,44.01,48.28,52.37,54.05,61.31,65.01,71.01,72.29,84.3,86.86,89.91,93.6,94.64,105.23,100.13,102.2,103.71,101.36,103.33,96.87,
South Asia,SAS,Livestock production index (2014-2016 = 100),AG.PRD.LVSK.XD,,,,,,,,,,,,,,,,,,,,,,,,,,,,,,,,,,,,,,,,,,,,,,,,,,,,,,,,,,,,,,,
Saudi Arabia,SAU,Livestock production index (2014-2016 = 100),AG.PRD.LVSK.XD,,7.18,6.6,6.36,6.38,6.46,5.71,7.79,4.56,6.99,7.74,8.75,6.69,9.92,13.57,13.8,14.93,14.1,13.95,15.26,17.04,16.84,21.31,28.44,32.65,36.42,41.61,39.8,42.18,41.45,46.08,43.05,43.91,42.47,43.83,44.02,45.06,51.94,59,56,61.31,72.08,64.42,66.42,67.39,69.02,71.28,73.74,77.42,78.42,87.51,80.98,78.06,93.7,96.28,98.95,104.77,110.19,117.72,126.49,142.53,144.31,
Sudan,SDN,Livestock production index (2014-2016 = 100),AG.PRD.LVSK.XD,,,,,,,,,,,,,,,,,,,,,,,,,,,,,,,,,,,,,,,,,,,,,,,,,,,,,96.26,97.49,98.8,99.75,101.45,102.73,104,104.78,105.61,105.13,
Senegal,SEN,Livestock production index (2014-2016 = 100),AG.PRD.LVSK.XD,,19.28,20.87,23.02,24.57,25.33,26.88,29.03,29.71,30.98,31.01,31.99,31.78,30.55,28.03,29.98,31.15,32.29,34.1,34.15,32.88,35.71,36.68,35.5,34.89,37.74,43.22,44.1,44.05,45.95,47.25,49.55,48.75,49.81,50.74,49.26,48.72,50.16,49.69,52.71,56.87,57.92,53.35,57.34,57.46,62.27,65.43,61.71,66.74,72.23,75.46,75.71,88.91,98.11,95.35,100.68,103.97,114.5,117.98,121.02,130.69,132.03,
Singapore,SGP,Livestock production index (2014-2016 = 100),AG.PRD.LVSK.XD,,348.9,347.95,343.62,348.79,366.65,381.96,388.84,419.27,547.86,545.93,615.4,714.56,724.08,753.99,844.63,928.12,946.35,931.54,948.8,976.41,919.22,882.64,892.98,885.74,760.14,689.61,610.55,465.52,462.22,447.47,380.92,310.97,202.82,150.74,148.62,117.86,162.19,140.5,149.86,59.71,60,81.36,87.71,99.6,74.57,76.93,81.6,73.53,72.62,73.88,82.33,85.97,96.48,94.28,98.94,106.78,139.82,113.78,127.08,128.02,114.81,
Solomon Islands,SLB,Livestock production index (2014-2016 = 100),AG.PRD.LVSK.XD,,22.54,23.24,24.97,25.55,28.21,30.82,33.64,36.1,39.41,43.46,45.31,47.86,52.2,56.38,59.06,66.39,68.86,70.28,70.34,69.13,68.09,70.88,70.3,71.04,72.63,74.73,66.61,66.02,66.89,67.64,78.25,78.4,80.41,78.96,80.9,81.62,77.22,83.58,82.93,83.34,85.12,88.14,88.98,91.63,92.41,93.81,96.02,97.14,98.34,97.84,97.49,98.46,99.43,100.31,99.65,100.04,101.68,100.81,101.25,101.88,102.41,
Sierra Leone,SLE,Livestock production index (2014-2016 = 100),AG.PRD.LVSK.XD,,18.53,19.5,20.43,21.1,22.16,22.52,23.41,24.06,24.03,24.02,24.32,24.79,25.62,26.01,26.94,27.56,28.51,29.42,30.56,31.7,33.02,34.43,33.63,32.4,33.09,34.16,35.86,35.86,36.4,37,49.33,53.39,54.98,56.57,53.93,50.75,48.38,48.5,43.59,37.5,25.58,26.42,33.47,39.19,47.96,58.85,60.66,69.83,84.51,92.48,98.95,101.17,101.97,103.46,99.35,97.2,94.16,94.97,99.16,104.35,110.23,
El Salvador,SLV,Livestock production index (2014-2016 = 100),AG.PRD.LVSK.XD,,29.68,30.01,32.14,30.13,31.34,32.94,33.16,32.06,33.84,33.62,34,36.27,38.89,43.83,43.76,52.85,49.69,54.68,54.47,53.68,47.31,45.26,42.32,46.24,49.61,51.22,50.05,54.46,59.28,58.87,60.77,61.06,63.54,63.64,62.8,63.42,72.8,71.21,71.45,81.71,77.26,85.39,80.86,83.62,90.87,95.04,97.9,96.27,98.08,96.66,92.63,94.67,92.45,98.92,100.67,100.41,97.03,96.34,95.11,91.67,90.54,
San Marino,SMR,Livestock production index (2014-2016 = 100),AG.PRD.LVSK.XD,,,,,,,,,,,,,,,,,,,,,,,,,,,,,,,,,,,,,,,,,,,,,,,,,,,,,,,,,,,,,,,
Somalia,SOM,Livestock production index (2014-2016 = 100),AG.PRD.LVSK.XD,,51.22,53.22,56.35,58.62,60.26,62.86,65.65,69.48,70.84,72.03,71.67,75.04,72.66,69.26,76.82,77.75,82.72,86.54,88.09,93.14,93.9,96.78,94.38,92.29,98.19,96.77,104.03,106.83,107.46,100.45,83.16,71.33,78.65,87.17,89.48,92.66,93.45,96.94,91.48,93.77,98.81,100.7,101.79,103.56,107.14,102.01,101.3,98.69,98.42,107.7,108.56,109.95,110.21,100.48,101.42,98.09,97.94,97.3,100.38,100.79,98.3,
Serbia,SRB,Livestock production index (2014-2016 = 100),AG.PRD.LVSK.XD,,,,,,,,,,,,,,,,,,,,,,,,,,,,,,,,,,,,,,,,,,,,,,,99.44,103.99,102.89,101.12,102.19,99.4,102.63,102.21,96.3,99.92,103.78,101.86,108.73,106.81,105.87,106.41,
Sub-Saharan Africa (excluding high income),SSA,Livestock production index (2014-2016 = 100),AG.PRD.LVSK.XD,,,,,,,,,,,,,,,,,,,,,,,,,,,,,,,,,,,,,,,,,,,,,,,,,,,,,,,,,,,,,,,
South Sudan,SSD,Livestock production index (2014-2016 = 100),AG.PRD.LVSK.XD,,,,,,,,,,,,,,,,,,,,,,,,,,,,,,,,,,,,,,,,,,,,,,,,,,,,,96.71,97.52,98.72,99.26,102.02,101.97,102.5,105.4,101.49,112.5,
Sub-Saharan Africa,SSF,Livestock production index (2014-2016 = 100),AG.PRD.LVSK.XD,,,,,,,,,,,,,,,,,,,,,,,,,,,,,,,,,,,,,,,,,,,,,,,,,,,,,,,,,,,,,,,
Small states,SST,Livestock production index (2014-2016 = 100),AG.PRD.LVSK.XD,,,,,,,,,,,,,,,,,,,,,,,,,,,,,,,,,,,,,,,,,,,,,,,,,,,,,,,,,,,,,,,
Sao Tome and Principe,STP,Livestock production index (2014-2016 = 100),AG.PRD.LVSK.XD,,31.53,33.9,36.23,27.08,24.91,25.59,24.96,31.31,26.77,24.87,28.35,23.41,30.79,22,26.02,33.3,28.2,28.47,27.32,27.5,30.64,32.04,32.81,33.95,35.06,35.26,36.47,36.53,37.44,37.65,53.65,62.74,60.65,60.94,61.29,66.16,68.49,70.58,74.07,80.74,83.78,87.08,89.78,90.57,93.23,89.83,99.35,96.22,102.45,104.8,83.93,85.55,87.26,100.61,99.81,99.58,108.25,103.42,104.48,100.48,106.2,
Suriname,SUR,Livestock production index (2014-2016 = 100),AG.PRD.LVSK.XD,,38.79,39.9,36.95,40.81,41.9,45.67,48.2,52.21,54.37,51.49,50.76,45.63,53.61,55.39,71.41,62.49,56.21,66.2,74.31,77.53,76.48,82.37,84.88,93.84,106.59,98.64,100.86,109.72,121.42,130.25,119.49,114.38,103,76.84,75.13,69.77,81.34,69.99,74.35,73.96,77.49,77.91,76.79,81.23,89.12,87.1,108.51,91.16,109.86,113.89,105.54,110.08,92.42,95.91,99.5,104.59,109.84,107.67,118.51,113.38,125.22,
Slovak Republic,SVK,Livestock production index (2014-2016 = 100),AG.PRD.LVSK.XD,,,,,,,,,,,,,,,,,,,,,,,,,,,,,,,,,,225.9,210.88,201.31,206.18,202.65,194.26,190.1,166.3,158.95,170.08,169.1,155.62,157.21,153.38,152.39,142.88,131.29,126.29,119.64,118.03,117.96,104.02,95.88,100.1,101.19,99.72,106.85,100.98,91.65,
Slovenia,SVN,Livestock production index (2014-2016 = 100),AG.PRD.LVSK.XD,,,,,,,,,,,,,,,,,,,,,,,,,,,,,,,,,89.13,109.72,117.13,115.82,105.32,106.13,108.8,108.64,98.58,118.6,125.13,125.6,117.39,111.21,113.47,110.79,113.59,108.34,106.25,103.46,101.43,95.85,97.31,99.08,103.61,103.94,103.29,103.51,104.42,105.11,
Sweden,SWE,Livestock production index (2014-2016 = 100),AG.PRD.LVSK.XD,,101.58,105.16,103.58,100.96,100.83,103.14,99.43,98.74,98,93.28,91.23,92.15,92.42,97.42,98.85,101.83,102.45,104.15,107.02,109.62,110.97,114.63,115.15,115.78,115.26,108.88,103.18,102.66,107.3,107.13,98.94,98.14,104.14,106.61,106.52,105.82,108.91,107.67,108.66,106.26,105.34,105.71,104.34,105.47,102.33,100.91,98.7,98.95,99.29,98.94,98.62,95.3,96.38,99.32,101.26,99.42,99.22,97.84,97.57,100.06,99.63,
Eswatini,SWZ,Livestock production index (2014-2016 = 100),AG.PRD.LVSK.XD,,76.17,83.28,88.55,74.93,61.86,70.17,68.31,66.51,62.47,68.56,71.09,80.13,79.28,78.95,82.41,84.35,77.91,86.63,90.61,93.27,87.13,89.56,94.82,79.38,84.53,89.71,96.28,80.39,81.98,79.32,87.84,95.33,100.18,93.08,92.65,90.39,73.66,73.45,68.23,80.14,73.05,86.64,87.01,80.95,91.79,96.47,93.31,96.63,98.09,99.67,102.44,105.22,105.11,100.82,100.74,98.43,99.22,99.88,101.04,100.98,110.59,
Sint Maarten (Dutch part),SXM,Livestock production index (2014-2016 = 100),AG.PRD.LVSK.XD,,,,,,,,,,,,,,,,,,,,,,,,,,,,,,,,,,,,,,,,,,,,,,,,,,,,,,,,,,,,,,,
Seychelles,SYC,Livestock production index (2014-2016 = 100),AG.PRD.LVSK.XD,,23.67,22.69,25.11,25.29,26.38,28.9,29.52,31.54,32.89,36.72,40.98,50.46,55.8,63.17,66.62,70.89,65.69,71.25,79.56,93.93,101.41,84.35,95.27,105.82,116.76,125.25,120.19,117.09,143.06,144.15,143.87,145.08,153.06,170.67,198.83,181.21,214.89,194.33,195.8,181,150.46,147.75,148.6,124.74,116.92,107.53,121.48,119.16,109.64,112.88,128.24,94.28,85.51,94.89,97.32,107.79,81.34,102.67,102.18,94.66,88.01,
Syrian Arab Republic,SYR,Livestock production index (2014-2016 = 100),AG.PRD.LVSK.XD,,16.62,18.45,23.69,24.87,27.67,27.76,25.92,26.75,27.62,24.96,23.93,24.35,22.63,26.76,29.72,30.64,32.75,39.03,45.72,48.56,55.11,59.7,61.76,59.2,57.98,60.16,59.46,66.18,66.98,69.88,71.66,69.32,58.6,64.04,74.7,78.41,83.28,90.73,91.65,94.7,90.39,88.56,99.84,110.46,117.61,125.76,132.7,121.77,119.03,109.58,121.32,114.67,107.66,103.24,98.19,98.57,85.73,81.83,83.99,99.44,98.3,
Turks and Caicos Islands,TCA,Livestock production index (2014-2016 = 100),AG.PRD.LVSK.XD,,,,,,,,,,,,,,,,,,,,,,,,,,,,,,,,,,,,,,,,,,,,,,,,,,,,,,,,,,,,,,,
Chad,TCD,Livestock production index (2014-2016 = 100),AG.PRD.LVSK.XD,,12.33,12.81,12.81,12.94,12.98,13.77,13.49,13.67,13.18,13.44,13.4,13.96,11.96,10.88,12.22,13.03,13.44,14.71,15.71,16.14,16.49,16.86,16.2,12.77,13.16,15.77,16.46,17.01,17.39,17.78,26.76,28.18,29.58,31.27,33,34.91,37.07,39.09,41.26,43.52,45.95,48.49,51.2,54.06,57.07,60.25,63.73,67.43,71.34,75.78,79.58,84.08,88.83,94.91,100.11,104.97,111.6,117.33,123.39,129.89,135.99,
East Asia & Pacific (IDA & IBRD countries),TEA,Livestock production index (2014-2016 = 100),AG.PRD.LVSK.XD,,,,,,,,,,,,,,,,,,,,,,,,,,,,,,,,,,,,,,,,,,,,,,,,,,,,,,,,,,,,,,,
Europe & Central Asia (IDA & IBRD countries),TEC,Livestock production index (2014-2016 = 100),AG.PRD.LVSK.XD,,,,,,,,,,,,,,,,,,,,,,,,,,,,,,,,,,,,,,,,,,,,,,,,,,,,,,,,,,,,,,,
Togo,TGO,Livestock production index (2014-2016 = 100),AG.PRD.LVSK.XD,,22.38,22.93,24.38,24.2,25.33,25.88,26.11,27.08,26.35,27.28,26.22,29.5,29.9,31.14,32.8,33.22,33.16,34.37,32.79,29.33,29.86,32.88,31.67,34.03,35.75,42.25,44.02,51.01,52.12,56.64,54.05,50.46,50.11,48.95,43.87,48.19,55.2,58.49,61.73,66.57,69.05,71.04,74.22,77.78,85.6,88.67,91.51,98.45,108.15,95.76,96.93,93.96,100.78,97,98.22,104.78,105.04,108.85,113.42,119.63,118.21,
Thailand,THA,Livestock production index (2014-2016 = 100),AG.PRD.LVSK.XD,,23.53,24.07,24.45,25.68,26.14,27.19,27.87,28.8,29.83,31,30,30.55,33.36,33.51,34.45,34.84,36.55,41.27,38.98,38.61,41.12,41.99,42.59,43.57,47.66,46.43,48.26,47.66,51.14,59.33,66.18,74.42,75.41,74.83,74.38,75.46,75.58,74.22,70.74,69.94,70.43,74.38,78.87,67.6,74.11,78.89,83.46,82.96,84.07,87.79,88.36,96.16,98.38,101.55,99.76,98.69,99.66,100.73,101.28,100.21,102.25,
Tajikistan,TJK,Livestock production index (2014-2016 = 100),AG.PRD.LVSK.XD,,,,,,,,,,,,,,,,,,,,,,,,,,,,,,,,,38.22,28.9,27.83,25.79,19.6,18.9,16.93,18.38,18.47,21.51,24.79,28.67,30.97,34.14,34.74,37.08,39.56,41.91,44.37,46.9,49.92,56.47,60.67,124.29,115.05,134.45,141.77,146.88,145.98,130.56,
Turkmenistan,TKM,Livestock production index (2014-2016 = 100),AG.PRD.LVSK.XD,,,,,,,,,,,,,,,,,,,,,,,,,,,,,,,,,28.71,35.61,36.06,37.43,38.69,38.29,42.03,45.25,50.47,58.29,66.32,71.8,70.66,79.11,81.08,97.84,96.38,99.86,95.32,95.96,101.03,100.53,99.76,100.76,99.48,98.25,100.87,109.95,107.84,107.02,
Latin America & the Caribbean (IDA & IBRD countries),TLA,Livestock production index (2014-2016 = 100),AG.PRD.LVSK.XD,,,,,,,,,,,,,,,,,,,,,,,,,,,,,,,,,,,,,,,,,,,,,,,,,,,,,,,,,,,,,,,
Timor-Leste,TLS,Livestock production index (2014-2016 = 100),AG.PRD.LVSK.XD,,99.36,99.27,100.81,113.11,115.31,115.65,113.57,112.89,112.01,114.11,117.47,119.55,118.2,116.67,110.38,94.38,85.47,81.9,72.14,65,65.54,66.69,68.36,71.83,78.53,79.8,79.73,80.77,81.12,85.57,85.29,89.32,92.58,83.73,84.11,71.66,87.66,88.69,72.82,70.93,71.88,81.25,79.93,79.37,80.71,83.52,86.63,89.88,92.5,94.21,97.67,101.8,98,93.83,105.61,100.56,98.57,98.79,105.9,91.8,77.7,
Middle East & North Africa (IDA & IBRD countries),TMN,Livestock production index (2014-2016 = 100),AG.PRD.LVSK.XD,,,,,,,,,,,,,,,,,,,,,,,,,,,,,,,,,,,,,,,,,,,,,,,,,,,,,,,,,,,,,,,
Tonga,TON,Livestock production index (2014-2016 = 100),AG.PRD.LVSK.XD,,22.34,28.02,29.48,33.36,32.72,36.67,35.84,38.61,39.73,40.33,44.93,44.53,45.69,49.87,62.51,70.23,64.5,73.63,75.17,78.38,84.88,82.44,77.09,76.82,79.79,88.48,91.75,94.99,94.9,91.1,90.5,91.2,88.54,87.62,89.28,91.31,83.75,90.71,93.13,97.74,96.18,96.87,96.47,95.67,95.81,98.26,101.79,100.16,100.28,100.34,100.74,104.42,103.85,100.12,99.42,100.46,101.08,101.38,101.79,100.86,101.09,
South Asia (IDA & IBRD),TSA,Livestock production index (2014-2016 = 100),AG.PRD.LVSK.XD,,,,,,,,,,,,,,,,,,,,,,,,,,,,,,,,,,,,,,,,,,,,,,,,,,,,,,,,,,,,,,,
Sub-Saharan Africa (IDA & IBRD countries),TSS,Livestock production index (2014-2016 = 100),AG.PRD.LVSK.XD,,,,,,,,,,,,,,,,,,,,,,,,,,,,,,,,,,,,,,,,,,,,,,,,,,,,,,,,,,,,,,,
Trinidad and Tobago,TTO,Livestock production index (2014-2016 = 100),AG.PRD.LVSK.XD,,21,21.53,22.71,26.04,28.17,31.97,34.78,36.61,39.28,42.53,42.32,43.73,43.61,44.48,53.41,49.67,57.28,58.54,51.42,50.03,52.15,67.84,64.49,64.63,63.55,58.53,58.94,56.33,51.72,53.56,54.89,51.99,59.39,54.19,59.27,59.96,55.4,52.81,58.61,72.95,85.99,104.52,101.23,100.8,101.76,87.38,96,95.92,106.87,116.01,112.23,113.28,112.92,112.58,83.87,103.55,108.71,111.19,91.96,84.51,84.53,
Tunisia,TUN,Livestock production index (2014-2016 = 100),AG.PRD.LVSK.XD,,17.11,16.62,16.7,17.81,19.16,21.25,21.35,19.75,19.78,18.34,19.45,21.36,23.87,24.58,27.35,30.46,31.99,29.53,24.25,27.72,30.08,30.28,33.36,33.79,38.97,40.66,42.7,44.72,44.79,45.7,45.58,47.38,50.56,52.68,55.24,57.73,60.48,65.42,71.06,74.35,77.08,78.64,74.3,73.9,76.19,76.12,81.48,81.48,80.7,83.91,83.67,88.59,91.26,96.76,101.18,102.06,101.75,98.85,98.83,101.82,105.26,
Turkiye,TUR,Livestock production index (2014-2016 = 100),AG.PRD.LVSK.XD,,28.19,28.83,28.88,28.82,29.3,30.51,30.7,31.01,32.06,32.06,32.68,32.72,33.88,35.41,37.56,37.67,38.98,39.8,38.9,39.49,42.73,42.14,41.39,48.7,47.86,51.84,48.89,50.25,50.74,50.25,44.91,44.36,45.13,46.76,42.51,44.71,47.49,48.65,49.72,48.66,53.48,52.53,59.29,58.47,60.72,62.32,66.04,67.08,70.37,73.38,79.15,89.19,94.72,99.04,100.02,100.94,109.93,115.1,124.45,126.77,131.85,
Tuvalu,TUV,Livestock production index (2014-2016 = 100),AG.PRD.LVSK.XD,,19.51,19.51,19.51,19.51,19.51,19.51,19.51,19.51,19.51,19.51,19.51,19.51,19.51,19.51,19.51,19.51,24.48,24.48,25.25,26.01,27.02,28.68,27.22,36.96,46.45,33.42,31.21,39.04,40.46,36.61,74.14,74.64,63.55,66.58,66.59,69.03,81.61,83.52,83.93,85.41,86.4,88.68,88.31,88.34,87.42,87.4,93.17,93.23,96.89,93.8,94.93,96.02,96.33,98.45,100.38,101.17,102.56,104.2,104.92,106.06,107,
Tanzania,TZA,Livestock production index (2014-2016 = 100),AG.PRD.LVSK.XD,,18.25,18.42,19.27,19.34,19.92,21.74,22.57,22.7,23.32,24.47,25.33,23.64,22.83,23.83,24.85,26.02,27.88,28.55,28.85,28.13,29.96,31.21,31.86,33.06,34.97,36.39,37.08,39.29,40.74,41.85,45.8,47.23,49.07,48.92,54.21,47.67,48.19,49.73,58.07,48.41,51.07,52.85,54.86,57.56,62.89,64.1,61.54,67.25,69.62,77.77,84.38,89.94,93,97.04,100.89,102.07,102.53,119.91,123.39,131.21,137.04,
Uganda,UGA,Livestock production index (2014-2016 = 100),AG.PRD.LVSK.XD,,20.55,19.44,19.32,19.26,19.51,20.1,20.81,21.05,22.17,23.64,24.07,24.83,25.82,26.57,27.53,27.92,29.99,32.85,33.42,31.16,31.19,31.99,32.56,33.43,34.43,29.47,28.76,30.68,34.61,39.24,43.83,44.79,46.71,45.17,46.23,46.99,47.68,49.52,51.07,52.37,54.36,61.73,70.71,74.36,78.3,80.69,85.32,86.36,89.88,90.39,93.51,94.85,96.94,97.77,99.31,102.92,102.32,112.15,107.67,100.08,101.35,
Ukraine,UKR,Livestock production index (2014-2016 = 100),AG.PRD.LVSK.XD,,,,,,,,,,,,,,,,,,,,,,,,,,,,,,,,,177.93,157.87,154.53,138.94,126.58,111.85,105.97,104.53,100.49,99.23,106.17,106.33,102.37,101.84,103.95,101.21,98.21,97.99,99.88,100.21,101.29,105.77,103.98,98.95,97.07,97.62,95.81,98.9,94.32,90.72,
Upper middle income,UMC,Livestock production index (2014-2016 = 100),AG.PRD.LVSK.XD,,,,,,,,,,,,,,,,,,,,,,,,,,,,,,,,,,,,,,,,,,,,,,,,,,,,,,,,,,,,,,,
Uruguay,URY,Livestock production index (2014-2016 = 100),AG.PRD.LVSK.XD,,57.47,57.35,59.8,69.63,60.2,56.12,53.22,66.12,66.88,74.17,61.72,58.56,56.86,62.01,63.22,69.57,62.08,58.87,53.71,62.34,71.88,73.57,80.36,62.05,64.91,66.69,62.86,69.45,75.47,71.87,70.1,71.32,70.34,77.57,73.31,82.81,89.09,89.12,89.08,86.81,72.58,78.1,77.85,87.24,101.21,103.4,96.01,96.8,93.69,94.6,94.92,98.52,97.32,99.92,99.76,100.32,103.73,104.72,103.76,96.97,104.66,
United States,USA,Livestock production index (2014-2016 = 100),AG.PRD.LVSK.XD,,51.35,51.44,53.22,56.31,55.51,56.74,58.26,58.75,59.08,60.41,61.71,61.97,59.12,62.33,62.22,66.24,65.99,65,63.6,65.4,66.81,66.47,68.52,68.49,70.03,71.1,71.24,72.72,72.62,73.1,73.26,75.22,75.59,77.75,79.65,81.7,82.96,84.27,86.8,88.49,89.11,89.46,91.4,91.39,90.6,91.47,94.39,96.98,96.14,96.27,97.75,98.43,98.78,98.95,98.65,102.4,105.17,107.78,109.31,110.86,112.09,
Uzbekistan,UZB,Livestock production index (2014-2016 = 100),AG.PRD.LVSK.XD,,,,,,,,,,,,,,,,,,,,,,,,,,,,,,,,,40.62,43.54,43.19,42.51,39.39,39.93,42.08,40.38,41.83,42.35,43.37,47.52,50.03,53.08,56.88,57.81,61.83,65.98,69.94,76.04,81.7,87.87,93.77,100.21,106.01,104.2,116.37,111.6,114.38,118.48,
St. Vincent and the Grenadines,VCT,Livestock production index (2014-2016 = 100),AG.PRD.LVSK.XD,,55.29,57.08,59.27,61.89,69.16,81.01,69.74,65.59,65.59,67.03,68.01,69.8,73.26,74.6,80.93,80.76,83.61,84.31,85.86,88.17,92.19,96.24,101.55,107.77,105.69,105.48,104.66,113.56,109.48,104.08,100.39,99.69,100.79,103.14,102.19,98.98,101.21,98.43,100.57,97.74,99.55,97.55,91.47,92.31,96.77,96.38,104.75,109.34,113.9,106.81,100.5,97.38,102.77,100.48,99.62,99.89,98.34,96.02,93.71,93.03,94.08,
"Venezuela, RB",VEN,Livestock production index (2014-2016 = 100),AG.PRD.LVSK.XD,,18.9,19.77,20.98,23.01,24.24,26.56,27.76,28.72,32.43,33.16,35.21,36.55,38.94,39.48,43.37,43.29,43.36,48.61,51.23,56.24,58.45,59.52,64.45,62.57,66.29,65.71,62.92,69.02,66.64,73.14,63.67,69.06,74.86,68.57,68.47,73.44,80.3,78.6,81.88,88.03,93.41,94.91,85.77,76.18,87.24,93.95,95.14,99.33,103.22,104.84,120.98,112.79,105.08,104.52,102.53,92.96,87.09,82.07,81.91,83.84,81.96,
British Virgin Islands,VGB,Livestock production index (2014-2016 = 100),AG.PRD.LVSK.XD,,,,,,,,,,,,,,,,,,,,,,,,,,,,,,,,,,,,,,,,,,,,,,,,,,,,,,,,,,,,,,,
Virgin Islands (U.S.),VIR,Livestock production index (2014-2016 = 100),AG.PRD.LVSK.XD,,,,,,,,,,,,,,,,,,,,,,,,,,,,,,,,,,,,,,,,,,,,,,,,,,,,,,,,,,,,,,,
Vietnam,VNM,Livestock production index (2014-2016 = 100),AG.PRD.LVSK.XD,,11.42,11.82,12.17,12.27,12.9,13.29,13.59,13.5,13.2,13.31,13.44,13.9,13.96,13.66,12.73,12.86,13.06,13.58,14.35,14.99,18.24,20.31,22.9,24.08,25.12,26.22,28.65,28.73,30.37,31.23,22.69,24.32,25.93,28.02,29.21,30.6,33.93,35.78,38.32,41.49,44.51,48.61,52.67,54.79,60.87,66.46,69.13,76,82.2,83.55,87.2,89.64,91.9,94.57,99.53,105.89,107.43,112.2,107.75,114.47,129.29,
Vanuatu,VUT,Livestock production index (2014-2016 = 100),AG.PRD.LVSK.XD,,32.55,35.32,38.65,41.54,43.85,47.21,49.3,50.51,52.34,54.84,62.07,63.34,65.65,68.84,72.74,78.33,62.34,67.17,66.4,66.07,66.8,65.8,73.73,73.65,75.34,70.84,84.35,79.46,77.35,87.73,98.33,96.86,104.87,113.05,109.82,106.69,109.97,104.63,111.88,110.19,96.27,86.55,98.31,95.88,101.38,101.02,108.31,114.29,100.2,116.91,111.95,115.97,114.97,107.95,97.97,94.08,89.74,82.92,83.4,78.7,85.87,
World,WLD,Livestock production index (2014-2016 = 100),AG.PRD.LVSK.XD,,,,,,,,,,,,,,,,,,,,,,,,,,,,,,,,,,,,,,,,,,,,,,,,,,,,,,,,,,,,,,,
Samoa,WSM,Livestock production index (2014-2016 = 100),AG.PRD.LVSK.XD,,35.67,38.88,45.07,49.25,51.1,46.2,46.32,50.7,53.42,48.94,49.94,46.49,50.4,48.22,49.16,53.63,58.04,61.01,62.31,70.97,66.22,73.04,75.89,82.47,87.41,87.6,96.03,97.83,107.8,110.49,106.61,102.41,97.67,105.54,95.18,102.59,102.07,103.06,104.28,105.91,112.18,107.27,109.68,109.88,110.09,108.91,103.75,101.52,99.33,106.69,107.66,107.81,105.32,103.65,104.28,92.07,83.2,73.34,49.65,68.82,78.59,
Kosovo,XKX,Livestock production index (2014-2016 = 100),AG.PRD.LVSK.XD,,,,,,,,,,,,,,,,,,,,,,,,,,,,,,,,,,,,,,,,,,,,,,,,,,,,,,,,,,,,,,,
"Yemen, Rep.",YEM,Livestock production index (2014-2016 = 100),AG.PRD.LVSK.XD,,17.41,17.45,17.67,17.89,18.2,17.76,18.23,16.63,14.88,14.72,16.39,16.29,16.49,18.06,19.26,18.27,19.93,20.89,21.76,23.31,23.53,24.14,24.88,26.53,28.53,29.95,28.57,33.54,32.97,29.76,32.49,34.09,36.56,38.08,37.4,40.06,42.13,42.93,44.35,48.35,54.53,54.66,59.52,57.88,57.05,57.99,61.05,72.32,78.41,82.31,90.43,94.72,105.16,107.48,100.52,92,90.99,93.43,105.25,112.62,112.3,
South Africa,ZAF,Livestock production index (2014-2016 = 100),AG.PRD.LVSK.XD,,34.65,34.98,35.45,35.45,38.7,39,37.55,38.56,41.17,40.17,39.66,42.6,41.83,40.65,42.87,43.77,45.29,46.82,49.49,48.04,45.58,49.5,50.98,51.57,51.73,49.09,49.61,48.64,48.83,55.31,59.32,58.65,55.59,50.53,50.07,49.63,62.17,51.77,55.77,56.85,58.3,58.99,61.91,64.66,68.63,73.1,77.67,80.3,80.86,86.92,85.3,87.19,93.51,98.36,101.47,100.17,95.64,98.02,103.04,104.39,104.19,
Zambia,ZMB,Livestock production index (2014-2016 = 100),AG.PRD.LVSK.XD,,12.47,12.45,12.81,13.41,14.06,14.88,15.42,16.37,16.53,17.24,16.83,17.87,18.65,19.02,20.99,22.78,23.02,22.8,22.94,23.77,23.55,24.8,23.19,21.8,23.77,24.32,24.95,25.58,26.45,33.78,44.64,44.54,45.01,42.56,41.79,41.36,42.16,44.28,46.87,47.82,49.9,52.61,53.02,52.08,53.66,52.48,54.49,62.51,77.69,89.54,90.86,96.75,107.1,111.29,94.51,94.2,113.28,113.12,112.89,110.99,112.48,
Zimbabwe,ZWE,Livestock production index (2014-2016 = 100),AG.PRD.LVSK.XD,,12.54,12.61,12.77,12.5,12.86,14.8,13.35,14.31,15.26,16.97,20.17,23.31,25.08,20.89,20.7,23.08,24.86,24.2,22.08,19.12,17.83,19.25,19.71,21.18,20.75,19.77,22,21.71,21.16,22.92,82.82,92.19,67.08,69.3,72.29,86.52,86.32,92.48,97.53,100.53,99.49,91.17,88.62,87.16,90.04,86.11,88.69,89.72,96.05,105.58,110.26,112.63,113.02,93.85,102.3,103.85,101.98,103.61,106.67,105.61,130.16,